Trials,Result
1,0
2,0
3,1
4,0
5,0
6,0
7,0
8,0
9,0
10,1
11,0
12,0
13,1
14,0
15,0
16,0
17,0
18,0
19,0
20,1
21,0
22,0
23,0
24,0
25,1
26,1
27,0
28,0
29,1
30,0
31,0
32,1
33,0
34,0
35,0
36,0
37,1
38,1
39,1
40,0
41,1
42,1
43,0
44,0
45,0
46,1
47,1
48,0
49,0
50,0
51,0
52,1
53,0
54,0
55,0
56,0
57,0
58,0
59,0
60,0
61,1
62,0
63,1
64,1
65,0
66,0
67,1
68,1
69,0
70,0
71,1
72,0
73,0
74,0
75,0
76,1
77,1
78,1
79,1
80,0
81,1
82,0
83,0
84,0
85,0
86,0
87,1
88,1
89,1
90,1
91,1
92,0
93,0
94,1
95,0
96,1
97,0
98,0
99,1
100,1
101,0
102,1
103,0
104,1
105,1
106,0
107,0
108,0
109,1
110,0
111,0
112,0
113,1
114,1
115,1
116,0
117,0
118,0
119,0
120,0
121,0
122,0
123,0
124,1
125,1
126,1
127,0
128,0
129,0
130,1
131,1
132,1
133,1
134,0
135,0
136,1
137,1
138,1
139,1
140,0
141,0
142,1
143,0
144,0
145,0
146,0
147,1
148,0
149,0
150,1
151,0
152,0
153,0
154,1
155,1
156,1
157,0
158,1
159,0
160,0
161,0
162,0
163,1
164,1
165,1
166,0
167,0
168,0
169,0
170,0
171,0
172,1
173,0
174,0
175,0
176,1
177,0
178,0
179,0
180,1
181,0
182,1
183,1
184,0
185,1
186,1
187,0
188,1
189,1
190,0
191,0
192,0
193,1
194,1
195,1
196,1
197,0
198,0
199,0
200,0
201,1
202,0
203,0
204,0
205,0
206,1
207,0
208,0
209,0
210,1
211,0
212,1
213,0
214,1
215,0
216,1
217,0
218,0
219,0
220,1
221,0
222,0
223,0
224,0
225,0
226,1
227,0
228,1
229,0
230,0
231,0
232,0
233,0
234,0
235,0
236,0
237,1
238,1
239,0
240,0
241,1
242,0
243,0
244,1
245,0
246,0
247,1
248,0
249,0
250,0
251,1
252,0
253,1
254,0
255,0
256,0
257,0
258,1
259,1
260,1
261,1
262,1
263,0
264,0
265,0
266,1
267,0
268,0
269,0
270,1
271,1
272,1
273,0
274,0
275,0
276,0
277,1
278,0
279,1
280,1
281,0
282,0
283,1
284,0
285,0
286,0
287,1
288,1
289,0
290,0
291,0
292,1
293,1
294,0
295,0
296,1
297,0
298,1
299,0
300,1
301,0
302,0
303,0
304,0
305,1
306,1
307,0
308,0
309,1
310,0
311,1
312,0
313,1
314,0
315,1
316,0
317,1
318,0
319,0
320,1
321,0
322,0
323,0
324,0
325,0
326,0
327,0
328,1
329,0
330,1
331,1
332,1
333,0
334,0
335,0
336,1
337,0
338,1
339,0
340,0
341,1
342,1
343,0
344,1
345,1
346,0
347,0
348,0
349,0
350,0
351,0
352,0
353,1
354,0
355,1
356,0
357,0
358,1
359,0
360,1
361,0
362,1
363,0
364,0
365,0
366,1
367,0
368,0
369,0
370,0
371,0
372,1
373,0
374,0
375,0
376,0
377,1
378,0
379,0
380,0
381,1
382,0
383,0
384,0
385,0
386,0
387,1
388,0
389,0
390,0
391,0
392,1
393,0
394,0
395,1
396,0
397,1
398,0
399,0
400,1
401,0
402,0
403,0
404,0
405,1
406,1
407,1
408,0
409,1
410,0
411,1
412,1
413,0
414,0
415,1
416,0
417,0
418,1
419,0
420,0
421,1
422,1
423,0
424,1
425,1
426,0
427,1
428,0
429,1
430,0
431,0
432,1
433,0
434,0
435,1
436,1
437,0
438,0
439,0
440,0
441,0
442,1
443,0
444,1
445,1
446,1
447,0
448,0
449,0
450,0
451,0
452,1
453,0
454,0
455,0
456,1
457,0
458,0
459,1
460,1
461,1
462,0
463,0
464,1
465,1
466,1
467,0
468,0
469,0
470,1
471,0
472,1
473,0
474,1
475,0
476,0
477,0
478,0
479,0
480,0
481,1
482,0
483,1
484,0
485,1
486,1
487,1
488,0
489,1
490,1
491,0
492,1
493,1
494,1
495,0
496,1
497,0
498,0
499,0
500,0
501,0
502,0
503,0
504,1
505,0
506,1
507,0
508,0
509,0
510,0
511,1
512,0
513,1
514,0
515,0
516,1
517,0
518,1
519,0
520,0
521,0
522,1
523,0
524,0
525,1
526,1
527,1
528,0
529,0
530,1
531,0
532,1
533,0
534,1
535,0
536,0
537,1
538,1
539,0
540,1
541,0
542,0
543,1
544,1
545,0
546,1
547,0
548,0
549,1
550,0
551,1
552,0
553,0
554,1
555,1
556,1
557,1
558,0
559,1
560,0
561,0
562,0
563,0
564,0
565,0
566,1
567,0
568,0
569,1
570,1
571,0
572,0
573,1
574,1
575,0
576,0
577,1
578,0
579,0
580,0
581,1
582,1
583,1
584,1
585,1
586,0
587,0
588,0
589,0
590,0
591,0
592,0
593,1
594,0
595,0
596,1
597,0
598,0
599,1
600,0
601,0
602,0
603,1
604,1
605,0
606,0
607,1
608,0
609,0
610,1
611,0
612,0
613,0
614,1
615,0
616,1
617,0
618,0
619,1
620,0
621,1
622,1
623,0
624,0
625,0
626,0
627,0
628,0
629,1
630,0
631,0
632,0
633,1
634,1
635,0
636,0
637,0
638,0
639,0
640,0
641,0
642,1
643,0
644,0
645,0
646,1
647,1
648,0
649,1
650,0
651,0
652,1
653,1
654,1
655,0
656,1
657,0
658,0
659,1
660,0
661,0
662,1
663,0
664,0
665,0
666,1
667,1
668,0
669,0
670,1
671,1
672,1
673,0
674,0
675,1
676,0
677,1
678,0
679,0
680,0
681,0
682,0
683,1
684,1
685,0
686,0
687,0
688,0
689,1
690,1
691,0
692,0
693,0
694,0
695,0
696,1
697,0
698,0
699,0
700,0
701,0
702,1
703,0
704,1
705,1
706,1
707,0
708,1
709,0
710,0
711,0
712,1
713,1
714,0
715,0
716,0
717,0
718,1
719,0
720,0
721,0
722,1
723,1
724,1
725,1
726,0
727,1
728,0
729,1
730,1
731,0
732,0
733,0
734,1
735,1
736,0
737,0
738,0
739,0
740,0
741,1
742,1
743,1
744,0
745,0
746,0
747,0
748,0
749,1
750,0
751,1
752,1
753,0
754,0
755,1
756,1
757,0
758,0
759,1
760,1
761,0
762,0
763,0
764,0
765,0
766,1
767,1
768,0
769,1
770,0
771,1
772,0
773,0
774,0
775,1
776,1
777,0
778,1
779,0
780,0
781,0
782,0
783,1
784,0
785,1
786,0
787,0
788,0
789,0
790,0
791,1
792,0
793,0
794,0
795,0
796,0
797,0
798,1
799,1
800,1
801,1
802,1
803,0
804,0
805,1
806,0
807,0
808,0
809,0
810,1
811,1
812,1
813,1
814,0
815,1
816,0
817,1
818,0
819,1
820,0
821,1
822,1
823,0
824,0
825,0
826,1
827,0
828,0
829,1
830,0
831,0
832,0
833,1
834,1
835,1
836,0
837,0
838,0
839,0
840,0
841,0
842,1
843,0
844,0
845,0
846,0
847,0
848,0
849,0
850,0
851,1
852,0
853,0
854,1
855,1
856,1
857,1
858,1
859,0
860,1
861,0
862,1
863,0
864,0
865,0
866,0
867,1
868,1
869,0
870,0
871,0
872,1
873,0
874,0
875,0
876,0
877,1
878,0
879,0
880,0
881,0
882,0
883,0
884,0
885,1
886,1
887,0
888,0
889,1
890,0
891,1
892,0
893,1
894,1
895,0
896,0
897,0
898,0
899,0
900,1
901,0
902,0
903,0
904,0
905,0
906,0
907,0
908,0
909,0
910,1
911,0
912,1
913,1
914,1
915,0
916,0
917,1
918,1
919,1
920,1
921,0
922,0
923,1
924,0
925,0
926,0
927,0
928,0
929,0
930,1
931,0
932,0
933,0
934,0
935,0
936,0
937,0
938,0
939,0
940,0
941,0
942,0
943,0
944,0
945,1
946,0
947,0
948,0
949,0
950,0
951,1
952,1
953,0
954,0
955,1
956,1
957,0
958,1
959,0
960,0
961,0
962,1
963,0
964,0
965,1
966,1
967,0
968,1
969,0
970,0
971,0
972,0
973,1
974,1
975,1
976,1
977,1
978,0
979,1
980,0
981,1
982,0
983,0
984,1
985,1
986,1
987,0
988,1
989,1
990,1
991,0
992,0
993,0
994,0
995,1
996,0
997,1
998,1
999,0
1000,0
1001,0
1002,0
1003,1
1004,0
1005,1
1006,1
1007,1
1008,1
1009,1
1010,1
1011,0
1012,1
1013,0
1014,0
1015,1
1016,0
1017,1
1018,0
1019,0
1020,0
1021,1
1022,1
1023,1
1024,1
1025,1
1026,0
1027,0
1028,1
1029,0
1030,1
1031,0
1032,0
1033,0
1034,0
1035,0
1036,0
1037,1
1038,1
1039,0
1040,0
1041,1
1042,0
1043,0
1044,0
1045,0
1046,0
1047,1
1048,0
1049,0
1050,1
1051,0
1052,0
1053,0
1054,0
1055,1
1056,0
1057,1
1058,1
1059,1
1060,0
1061,1
1062,0
1063,0
1064,1
1065,0
1066,0
1067,0
1068,0
1069,0
1070,0
1071,1
1072,0
1073,0
1074,1
1075,0
1076,0
1077,0
1078,0
1079,1
1080,1
1081,1
1082,0
1083,0
1084,1
1085,0
1086,0
1087,1
1088,0
1089,0
1090,1
1091,0
1092,0
1093,1
1094,0
1095,0
1096,1
1097,0
1098,1
1099,1
1100,1
1101,0
1102,0
1103,1
1104,0
1105,0
1106,1
1107,0
1108,0
1109,0
1110,1
1111,0
1112,0
1113,0
1114,0
1115,1
1116,0
1117,1
1118,0
1119,0
1120,1
1121,0
1122,0
1123,0
1124,1
1125,0
1126,0
1127,0
1128,1
1129,1
1130,0
1131,0
1132,0
1133,1
1134,0
1135,0
1136,1
1137,1
1138,1
1139,0
1140,0
1141,1
1142,0
1143,0
1144,0
1145,1
1146,1
1147,0
1148,0
1149,0
1150,0
1151,0
1152,0
1153,1
1154,0
1155,0
1156,1
1157,1
1158,0
1159,0
1160,1
1161,1
1162,0
1163,0
1164,0
1165,1
1166,0
1167,0
1168,0
1169,0
1170,0
1171,0
1172,1
1173,0
1174,0
1175,0
1176,1
1177,1
1178,1
1179,1
1180,0
1181,0
1182,0
1183,0
1184,1
1185,0
1186,0
1187,0
1188,1
1189,0
1190,1
1191,0
1192,0
1193,0
1194,0
1195,1
1196,0
1197,0
1198,0
1199,0
1200,0
1201,0
1202,0
1203,0
1204,0
1205,1
1206,1
1207,1
1208,1
1209,1
1210,0
1211,0
1212,1
1213,0
1214,0
1215,0
1216,0
1217,0
1218,1
1219,0
1220,0
1221,0
1222,1
1223,0
1224,0
1225,0
1226,1
1227,1
1228,0
1229,0
1230,0
1231,0
1232,1
1233,0
1234,0
1235,0
1236,1
1237,0
1238,0
1239,0
1240,0
1241,0
1242,0
1243,0
1244,0
1245,0
1246,0
1247,1
1248,0
1249,0
1250,1
1251,1
1252,1
1253,1
1254,0
1255,0
1256,1
1257,0
1258,0
1259,1
1260,1
1261,0
1262,0
1263,0
1264,0
1265,1
1266,0
1267,0
1268,0
1269,1
1270,0
1271,0
1272,0
1273,0
1274,1
1275,1
1276,0
1277,1
1278,0
1279,1
1280,1
1281,1
1282,0
1283,1
1284,1
1285,0
1286,0
1287,0
1288,0
1289,1
1290,0
1291,0
1292,0
1293,0
1294,0
1295,1
1296,1
1297,0
1298,1
1299,1
1300,1
1301,1
1302,1
1303,1
1304,1
1305,1
1306,1
1307,0
1308,0
1309,0
1310,1
1311,1
1312,1
1313,1
1314,0
1315,1
1316,1
1317,0
1318,0
1319,1
1320,0
1321,0
1322,0
1323,0
1324,1
1325,0
1326,1
1327,1
1328,0
1329,0
1330,1
1331,1
1332,0
1333,1
1334,0
1335,0
1336,0
1337,0
1338,0
1339,0
1340,1
1341,0
1342,0
1343,0
1344,0
1345,0
1346,1
1347,0
1348,0
1349,0
1350,0
1351,1
1352,0
1353,0
1354,1
1355,0
1356,1
1357,0
1358,1
1359,1
1360,0
1361,1
1362,0
1363,1
1364,0
1365,1
1366,1
1367,1
1368,0
1369,0
1370,1
1371,0
1372,1
1373,0
1374,0
1375,1
1376,0
1377,0
1378,0
1379,0
1380,0
1381,1
1382,0
1383,0
1384,0
1385,1
1386,1
1387,0
1388,1
1389,1
1390,0
1391,0
1392,1
1393,0
1394,0
1395,1
1396,0
1397,1
1398,0
1399,0
1400,1
1401,1
1402,0
1403,0
1404,0
1405,0
1406,0
1407,1
1408,0
1409,0
1410,0
1411,0
1412,1
1413,0
1414,0
1415,0
1416,0
1417,1
1418,0
1419,0
1420,1
1421,0
1422,0
1423,1
1424,0
1425,0
1426,0
1427,1
1428,1
1429,0
1430,0
1431,1
1432,1
1433,0
1434,0
1435,1
1436,0
1437,1
1438,1
1439,0
1440,0
1441,0
1442,1
1443,1
1444,0
1445,0
1446,0
1447,0
1448,0
1449,0
1450,0
1451,0
1452,0
1453,0
1454,1
1455,1
1456,0
1457,1
1458,1
1459,0
1460,1
1461,0
1462,0
1463,1
1464,1
1465,0
1466,1
1467,1
1468,1
1469,1
1470,0
1471,0
1472,1
1473,0
1474,1
1475,1
1476,1
1477,0
1478,0
1479,1
1480,0
1481,0
1482,0
1483,0
1484,0
1485,0
1486,1
1487,0
1488,0
1489,0
1490,0
1491,0
1492,0
1493,1
1494,1
1495,1
1496,1
1497,1
1498,1
1499,0
1500,0
1501,0
1502,1
1503,1
1504,0
1505,0
1506,0
1507,0
1508,1
1509,1
1510,1
1511,0
1512,0
1513,0
1514,0
1515,1
1516,1
1517,0
1518,0
1519,0
1520,1
1521,0
1522,1
1523,0
1524,1
1525,1
1526,1
1527,0
1528,0
1529,1
1530,1
1531,0
1532,1
1533,0
1534,1
1535,0
1536,1
1537,1
1538,0
1539,0
1540,0
1541,1
1542,0
1543,1
1544,0
1545,0
1546,0
1547,0
1548,1
1549,0
1550,0
1551,1
1552,0
1553,0
1554,1
1555,1
1556,0
1557,0
1558,1
1559,0
1560,1
1561,1
1562,0
1563,0
1564,1
1565,0
1566,1
1567,0
1568,0
1569,1
1570,0
1571,1
1572,0
1573,1
1574,0
1575,0
1576,1
1577,0
1578,1
1579,0
1580,1
1581,1
1582,1
1583,0
1584,0
1585,1
1586,0
1587,1
1588,0
1589,0
1590,1
1591,0
1592,0
1593,0
1594,1
1595,1
1596,0
1597,1
1598,0
1599,1
1600,1
1601,1
1602,0
1603,1
1604,0
1605,1
1606,1
1607,0
1608,0
1609,0
1610,0
1611,1
1612,1
1613,1
1614,1
1615,0
1616,1
1617,1
1618,1
1619,0
1620,0
1621,0
1622,0
1623,1
1624,0
1625,1
1626,0
1627,1
1628,1
1629,0
1630,1
1631,0
1632,1
1633,0
1634,0
1635,1
1636,0
1637,1
1638,0
1639,0
1640,1
1641,0
1642,1
1643,0
1644,1
1645,0
1646,0
1647,1
1648,0
1649,0
1650,1
1651,1
1652,0
1653,0
1654,0
1655,0
1656,1
1657,0
1658,0
1659,0
1660,0
1661,0
1662,1
1663,0
1664,1
1665,0
1666,0
1667,0
1668,0
1669,1
1670,0
1671,1
1672,0
1673,1
1674,1
1675,0
1676,1
1677,0
1678,0
1679,0
1680,0
1681,0
1682,1
1683,1
1684,1
1685,0
1686,0
1687,0
1688,0
1689,0
1690,1
1691,0
1692,1
1693,0
1694,0
1695,1
1696,0
1697,0
1698,0
1699,1
1700,1
1701,1
1702,1
1703,0
1704,1
1705,1
1706,0
1707,0
1708,1
1709,0
1710,0
1711,0
1712,1
1713,0
1714,1
1715,0
1716,1
1717,0
1718,0
1719,0
1720,0
1721,0
1722,1
1723,0
1724,1
1725,1
1726,0
1727,0
1728,0
1729,1
1730,0
1731,0
1732,0
1733,0
1734,0
1735,0
1736,1
1737,1
1738,0
1739,0
1740,0
1741,1
1742,0
1743,0
1744,0
1745,1
1746,1
1747,0
1748,0
1749,0
1750,0
1751,0
1752,0
1753,0
1754,0
1755,0
1756,0
1757,1
1758,1
1759,0
1760,0
1761,1
1762,0
1763,1
1764,0
1765,0
1766,1
1767,1
1768,0
1769,1
1770,1
1771,1
1772,0
1773,0
1774,0
1775,0
1776,0
1777,0
1778,1
1779,0
1780,0
1781,0
1782,0
1783,0
1784,0
1785,0
1786,0
1787,1
1788,0
1789,1
1790,1
1791,0
1792,0
1793,0
1794,1
1795,0
1796,0
1797,1
1798,0
1799,1
1800,1
1801,1
1802,0
1803,1
1804,0
1805,0
1806,0
1807,1
1808,1
1809,1
1810,0
1811,1
1812,0
1813,1
1814,0
1815,0
1816,1
1817,0
1818,0
1819,0
1820,0
1821,0
1822,0
1823,1
1824,1
1825,0
1826,1
1827,0
1828,1
1829,1
1830,1
1831,1
1832,1
1833,0
1834,0
1835,1
1836,0
1837,1
1838,1
1839,0
1840,1
1841,1
1842,1
1843,1
1844,1
1845,1
1846,0
1847,1
1848,0
1849,1
1850,0
1851,1
1852,1
1853,0
1854,0
1855,1
1856,0
1857,1
1858,0
1859,1
1860,1
1861,1
1862,0
1863,1
1864,0
1865,0
1866,1
1867,0
1868,1
1869,0
1870,0
1871,1
1872,0
1873,1
1874,1
1875,0
1876,0
1877,1
1878,1
1879,1
1880,0
1881,1
1882,1
1883,0
1884,0
1885,0
1886,1
1887,0
1888,0
1889,1
1890,0
1891,0
1892,0
1893,1
1894,0
1895,0
1896,0
1897,1
1898,0
1899,0
1900,1
1901,1
1902,0
1903,1
1904,1
1905,0
1906,0
1907,1
1908,0
1909,1
1910,1
1911,0
1912,0
1913,1
1914,1
1915,1
1916,0
1917,1
1918,0
1919,0
1920,0
1921,1
1922,0
1923,0
1924,1
1925,0
1926,1
1927,1
1928,1
1929,0
1930,0
1931,1
1932,0
1933,1
1934,0
1935,1
1936,0
1937,0
1938,0
1939,1
1940,1
1941,0
1942,0
1943,0
1944,0
1945,0
1946,0
1947,0
1948,0
1949,1
1950,1
1951,0
1952,1
1953,0
1954,0
1955,0
1956,1
1957,1
1958,0
1959,0
1960,0
1961,1
1962,0
1963,1
1964,0
1965,0
1966,0
1967,1
1968,0
1969,0
1970,0
1971,1
1972,0
1973,0
1974,1
1975,0
1976,0
1977,0
1978,0
1979,1
1980,1
1981,1
1982,1
1983,1
1984,0
1985,0
1986,0
1987,1
1988,1
1989,0
1990,1
1991,1
1992,0
1993,1
1994,0
1995,1
1996,0
1997,0
1998,0
1999,0
2000,0
2001,0
2002,0
2003,0
2004,0
2005,1
2006,0
2007,1
2008,1
2009,1
2010,1
2011,1
2012,1
2013,1
2014,1
2015,1
2016,0
2017,1
2018,0
2019,1
2020,1
2021,0
2022,1
2023,1
2024,1
2025,0
2026,0
2027,0
2028,0
2029,0
2030,1
2031,0
2032,1
2033,0
2034,0
2035,0
2036,0
2037,0
2038,1
2039,0
2040,1
2041,0
2042,0
2043,0
2044,0
2045,1
2046,0
2047,0
2048,1
2049,1
2050,0
2051,0
2052,1
2053,1
2054,1
2055,0
2056,1
2057,0
2058,0
2059,0
2060,0
2061,1
2062,0
2063,1
2064,1
2065,1
2066,0
2067,0
2068,0
2069,0
2070,0
2071,0
2072,0
2073,1
2074,1
2075,1
2076,0
2077,0
2078,1
2079,0
2080,1
2081,1
2082,0
2083,0
2084,1
2085,0
2086,0
2087,1
2088,0
2089,0
2090,1
2091,0
2092,1
2093,1
2094,1
2095,0
2096,0
2097,0
2098,0
2099,1
2100,0
2101,0
2102,0
2103,0
2104,1
2105,1
2106,1
2107,1
2108,1
2109,0
2110,0
2111,1
2112,1
2113,0
2114,1
2115,0
2116,0
2117,1
2118,1
2119,0
2120,0
2121,0
2122,0
2123,0
2124,1
2125,0
2126,1
2127,1
2128,0
2129,0
2130,1
2131,0
2132,0
2133,1
2134,1
2135,0
2136,1
2137,0
2138,1
2139,0
2140,1
2141,0
2142,0
2143,0
2144,1
2145,0
2146,0
2147,0
2148,0
2149,0
2150,0
2151,1
2152,1
2153,1
2154,1
2155,0
2156,0
2157,1
2158,1
2159,0
2160,0
2161,0
2162,0
2163,0
2164,0
2165,0
2166,0
2167,0
2168,0
2169,1
2170,1
2171,1
2172,0
2173,1
2174,1
2175,1
2176,0
2177,0
2178,0
2179,1
2180,0
2181,0
2182,0
2183,1
2184,1
2185,0
2186,0
2187,1
2188,0
2189,0
2190,1
2191,1
2192,0
2193,1
2194,0
2195,1
2196,1
2197,0
2198,0
2199,0
2200,1
2201,1
2202,1
2203,0
2204,1
2205,0
2206,0
2207,0
2208,0
2209,1
2210,1
2211,0
2212,1
2213,1
2214,0
2215,0
2216,0
2217,1
2218,0
2219,0
2220,1
2221,0
2222,0
2223,1
2224,1
2225,0
2226,1
2227,0
2228,1
2229,1
2230,1
2231,0
2232,1
2233,0
2234,1
2235,1
2236,1
2237,0
2238,0
2239,1
2240,1
2241,0
2242,0
2243,0
2244,0
2245,1
2246,0
2247,0
2248,1
2249,0
2250,0
2251,1
2252,1
2253,0
2254,0
2255,1
2256,0
2257,1
2258,0
2259,0
2260,1
2261,0
2262,0
2263,1
2264,0
2265,1
2266,1
2267,0
2268,1
2269,1
2270,1
2271,0
2272,0
2273,0
2274,1
2275,1
2276,0
2277,0
2278,1
2279,1
2280,0
2281,1
2282,0
2283,1
2284,0
2285,0
2286,0
2287,0
2288,1
2289,1
2290,0
2291,1
2292,0
2293,0
2294,1
2295,1
2296,1
2297,1
2298,0
2299,0
2300,1
2301,0
2302,1
2303,0
2304,0
2305,1
2306,1
2307,0
2308,0
2309,1
2310,0
2311,0
2312,0
2313,0
2314,0
2315,0
2316,0
2317,0
2318,0
2319,1
2320,0
2321,0
2322,0
2323,0
2324,1
2325,0
2326,1
2327,1
2328,0
2329,0
2330,0
2331,0
2332,1
2333,0
2334,0
2335,0
2336,1
2337,0
2338,0
2339,0
2340,0
2341,0
2342,0
2343,0
2344,0
2345,0
2346,0
2347,0
2348,0
2349,0
2350,0
2351,1
2352,1
2353,0
2354,0
2355,0
2356,1
2357,1
2358,0
2359,0
2360,0
2361,1
2362,1
2363,1
2364,1
2365,0
2366,0
2367,0
2368,1
2369,0
2370,0
2371,0
2372,0
2373,0
2374,1
2375,1
2376,0
2377,0
2378,1
2379,1
2380,1
2381,1
2382,0
2383,1
2384,0
2385,0
2386,1
2387,1
2388,0
2389,1
2390,1
2391,1
2392,1
2393,0
2394,0
2395,1
2396,0
2397,0
2398,0
2399,0
2400,0
2401,0
2402,0
2403,0
2404,0
2405,1
2406,0
2407,0
2408,1
2409,0
2410,0
2411,0
2412,0
2413,0
2414,1
2415,1
2416,0
2417,0
2418,1
2419,1
2420,0
2421,0
2422,0
2423,0
2424,1
2425,1
2426,1
2427,1
2428,1
2429,0
2430,0
2431,1
2432,1
2433,0
2434,1
2435,0
2436,0
2437,1
2438,1
2439,0
2440,0
2441,1
2442,0
2443,0
2444,0
2445,0
2446,1
2447,1
2448,1
2449,1
2450,0
2451,0
2452,1
2453,0
2454,0
2455,1
2456,1
2457,0
2458,1
2459,0
2460,0
2461,1
2462,1
2463,0
2464,0
2465,0
2466,0
2467,0
2468,1
2469,0
2470,0
2471,1
2472,1
2473,1
2474,1
2475,0
2476,0
2477,0
2478,1
2479,0
2480,0
2481,1
2482,0
2483,0
2484,0
2485,0
2486,0
2487,1
2488,1
2489,0
2490,0
2491,1
2492,1
2493,0
2494,1
2495,0
2496,0
2497,1
2498,0
2499,0
2500,1
2501,0
2502,1
2503,1
2504,0
2505,1
2506,0
2507,0
2508,1
2509,0
2510,0
2511,0
2512,1
2513,1
2514,0
2515,1
2516,0
2517,1
2518,0
2519,0
2520,0
2521,0
2522,0
2523,1
2524,0
2525,0
2526,1
2527,0
2528,1
2529,1
2530,0
2531,0
2532,0
2533,1
2534,0
2535,0
2536,0
2537,1
2538,0
2539,0
2540,0
2541,0
2542,0
2543,1
2544,1
2545,1
2546,0
2547,0
2548,0
2549,1
2550,0
2551,0
2552,1
2553,1
2554,1
2555,1
2556,0
2557,1
2558,0
2559,0
2560,0
2561,0
2562,0
2563,0
2564,1
2565,0
2566,0
2567,1
2568,1
2569,0
2570,1
2571,0
2572,0
2573,0
2574,0
2575,0
2576,0
2577,1
2578,1
2579,0
2580,0
2581,0
2582,1
2583,1
2584,1
2585,1
2586,0
2587,0
2588,0
2589,1
2590,0
2591,1
2592,0
2593,0
2594,0
2595,1
2596,0
2597,0
2598,1
2599,1
2600,0
2601,1
2602,0
2603,1
2604,0
2605,1
2606,1
2607,1
2608,1
2609,0
2610,1
2611,0
2612,1
2613,0
2614,1
2615,0
2616,0
2617,0
2618,1
2619,0
2620,1
2621,0
2622,1
2623,0
2624,0
2625,0
2626,0
2627,1
2628,0
2629,1
2630,1
2631,0
2632,1
2633,0
2634,0
2635,1
2636,0
2637,1
2638,0
2639,1
2640,0
2641,1
2642,0
2643,0
2644,1
2645,0
2646,0
2647,0
2648,0
2649,0
2650,1
2651,0
2652,0
2653,1
2654,1
2655,0
2656,0
2657,1
2658,0
2659,1
2660,0
2661,1
2662,0
2663,1
2664,0
2665,1
2666,0
2667,1
2668,1
2669,0
2670,0
2671,0
2672,0
2673,0
2674,0
2675,1
2676,1
2677,0
2678,1
2679,1
2680,0
2681,0
2682,0
2683,1
2684,1
2685,1
2686,0
2687,0
2688,0
2689,1
2690,1
2691,1
2692,0
2693,0
2694,0
2695,1
2696,0
2697,1
2698,1
2699,0
2700,0
2701,0
2702,1
2703,1
2704,0
2705,0
2706,0
2707,0
2708,0
2709,0
2710,1
2711,1
2712,0
2713,0
2714,0
2715,0
2716,0
2717,0
2718,1
2719,0
2720,0
2721,1
2722,0
2723,0
2724,0
2725,0
2726,0
2727,1
2728,0
2729,0
2730,0
2731,1
2732,0
2733,0
2734,0
2735,1
2736,1
2737,0
2738,1
2739,1
2740,1
2741,0
2742,1
2743,0
2744,1
2745,0
2746,0
2747,1
2748,0
2749,1
2750,0
2751,0
2752,0
2753,1
2754,0
2755,0
2756,1
2757,1
2758,0
2759,1
2760,0
2761,1
2762,0
2763,0
2764,1
2765,0
2766,0
2767,1
2768,1
2769,0
2770,1
2771,1
2772,1
2773,0
2774,1
2775,1
2776,0
2777,1
2778,1
2779,0
2780,0
2781,0
2782,1
2783,0
2784,1
2785,0
2786,1
2787,1
2788,0
2789,0
2790,1
2791,0
2792,1
2793,0
2794,0
2795,0
2796,1
2797,1
2798,1
2799,1
2800,0
2801,1
2802,1
2803,1
2804,1
2805,0
2806,1
2807,0
2808,0
2809,0
2810,0
2811,1
2812,0
2813,0
2814,0
2815,1
2816,1
2817,1
2818,1
2819,1
2820,0
2821,1
2822,1
2823,1
2824,0
2825,0
2826,0
2827,1
2828,0
2829,0
2830,0
2831,0
2832,1
2833,0
2834,0
2835,1
2836,0
2837,0
2838,0
2839,0
2840,1
2841,0
2842,0
2843,1
2844,1
2845,0
2846,0
2847,0
2848,0
2849,1
2850,1
2851,0
2852,0
2853,1
2854,0
2855,0
2856,0
2857,1
2858,1
2859,0
2860,0
2861,0
2862,0
2863,1
2864,0
2865,0
2866,1
2867,0
2868,0
2869,0
2870,1
2871,1
2872,1
2873,0
2874,0
2875,1
2876,1
2877,1
2878,0
2879,1
2880,1
2881,0
2882,1
2883,0
2884,0
2885,0
2886,0
2887,1
2888,0
2889,1
2890,0
2891,0
2892,1
2893,0
2894,1
2895,0
2896,1
2897,1
2898,0
2899,1
2900,1
2901,1
2902,0
2903,0
2904,0
2905,1
2906,0
2907,0
2908,1
2909,0
2910,0
2911,1
2912,1
2913,0
2914,0
2915,0
2916,0
2917,1
2918,0
2919,1
2920,1
2921,0
2922,1
2923,0
2924,0
2925,1
2926,1
2927,1
2928,1
2929,1
2930,0
2931,1
2932,1
2933,1
2934,0
2935,1
2936,0
2937,0
2938,1
2939,1
2940,1
2941,0
2942,1
2943,1
2944,1
2945,0
2946,1
2947,1
2948,1
2949,0
2950,0
2951,0
2952,1
2953,0
2954,1
2955,1
2956,1
2957,1
2958,0
2959,0
2960,1
2961,0
2962,0
2963,1
2964,1
2965,0
2966,0
2967,0
2968,0
2969,0
2970,0
2971,0
2972,0
2973,0
2974,0
2975,1
2976,0
2977,1
2978,1
2979,0
2980,0
2981,0
2982,1
2983,0
2984,0
2985,0
2986,0
2987,0
2988,0
2989,0
2990,1
2991,0
2992,0
2993,1
2994,1
2995,1
2996,1
2997,1
2998,0
2999,0
3000,1
3001,0
3002,1
3003,1
3004,1
3005,0
3006,0
3007,0
3008,0
3009,0
3010,0
3011,0
3012,0
3013,0
3014,1
3015,0
3016,1
3017,0
3018,1
3019,0
3020,1
3021,0
3022,0
3023,0
3024,1
3025,1
3026,1
3027,1
3028,1
3029,1
3030,1
3031,0
3032,0
3033,0
3034,0
3035,1
3036,0
3037,1
3038,1
3039,1
3040,0
3041,1
3042,0
3043,0
3044,0
3045,0
3046,1
3047,0
3048,0
3049,1
3050,1
3051,0
3052,0
3053,1
3054,0
3055,1
3056,0
3057,1
3058,0
3059,0
3060,0
3061,0
3062,0
3063,0
3064,1
3065,1
3066,1
3067,0
3068,0
3069,0
3070,1
3071,0
3072,0
3073,1
3074,0
3075,1
3076,1
3077,1
3078,0
3079,0
3080,0
3081,1
3082,0
3083,1
3084,1
3085,1
3086,0
3087,1
3088,0
3089,0
3090,1
3091,0
3092,0
3093,1
3094,1
3095,1
3096,0
3097,1
3098,0
3099,0
3100,0
3101,0
3102,0
3103,0
3104,0
3105,0
3106,0
3107,0
3108,0
3109,1
3110,1
3111,0
3112,0
3113,1
3114,0
3115,1
3116,0
3117,0
3118,0
3119,0
3120,0
3121,1
3122,0
3123,1
3124,0
3125,1
3126,1
3127,1
3128,0
3129,0
3130,0
3131,0
3132,0
3133,1
3134,0
3135,1
3136,0
3137,0
3138,0
3139,0
3140,0
3141,0
3142,1
3143,0
3144,1
3145,1
3146,0
3147,0
3148,0
3149,1
3150,1
3151,0
3152,0
3153,1
3154,0
3155,1
3156,0
3157,1
3158,1
3159,0
3160,1
3161,0
3162,1
3163,0
3164,0
3165,0
3166,0
3167,0
3168,0
3169,0
3170,0
3171,0
3172,0
3173,0
3174,0
3175,0
3176,0
3177,1
3178,0
3179,1
3180,1
3181,1
3182,0
3183,1
3184,0
3185,0
3186,0
3187,0
3188,1
3189,1
3190,0
3191,1
3192,0
3193,1
3194,1
3195,1
3196,0
3197,0
3198,0
3199,0
3200,1
3201,1
3202,1
3203,1
3204,1
3205,1
3206,1
3207,0
3208,0
3209,0
3210,0
3211,0
3212,1
3213,0
3214,0
3215,0
3216,0
3217,1
3218,0
3219,1
3220,1
3221,1
3222,1
3223,0
3224,0
3225,1
3226,0
3227,0
3228,1
3229,1
3230,0
3231,1
3232,0
3233,0
3234,1
3235,1
3236,0
3237,1
3238,0
3239,1
3240,0
3241,0
3242,0
3243,0
3244,0
3245,0
3246,1
3247,0
3248,1
3249,0
3250,1
3251,0
3252,0
3253,1
3254,0
3255,0
3256,0
3257,0
3258,1
3259,1
3260,0
3261,0
3262,1
3263,0
3264,0
3265,0
3266,0
3267,0
3268,0
3269,0
3270,1
3271,0
3272,0
3273,1
3274,0
3275,0
3276,1
3277,0
3278,1
3279,0
3280,0
3281,1
3282,1
3283,0
3284,0
3285,1
3286,0
3287,0
3288,1
3289,0
3290,0
3291,0
3292,0
3293,1
3294,0
3295,1
3296,1
3297,1
3298,0
3299,1
3300,0
3301,1
3302,0
3303,0
3304,0
3305,0
3306,0
3307,0
3308,1
3309,0
3310,0
3311,0
3312,1
3313,0
3314,0
3315,0
3316,1
3317,0
3318,1
3319,0
3320,1
3321,0
3322,1
3323,0
3324,1
3325,0
3326,0
3327,0
3328,1
3329,0
3330,0
3331,1
3332,0
3333,0
3334,1
3335,0
3336,0
3337,0
3338,0
3339,0
3340,1
3341,0
3342,1
3343,1
3344,0
3345,0
3346,1
3347,1
3348,0
3349,1
3350,1
3351,0
3352,0
3353,0
3354,0
3355,1
3356,0
3357,1
3358,1
3359,0
3360,0
3361,0
3362,0
3363,0
3364,0
3365,0
3366,0
3367,1
3368,1
3369,1
3370,0
3371,0
3372,0
3373,1
3374,1
3375,1
3376,1
3377,0
3378,1
3379,1
3380,0
3381,1
3382,0
3383,0
3384,1
3385,1
3386,0
3387,0
3388,0
3389,1
3390,1
3391,1
3392,0
3393,1
3394,0
3395,1
3396,1
3397,0
3398,0
3399,0
3400,0
3401,0
3402,1
3403,0
3404,1
3405,0
3406,1
3407,1
3408,0
3409,1
3410,1
3411,0
3412,0
3413,0
3414,0
3415,1
3416,0
3417,1
3418,0
3419,1
3420,1
3421,0
3422,1
3423,1
3424,0
3425,1
3426,0
3427,1
3428,1
3429,0
3430,1
3431,0
3432,0
3433,1
3434,0
3435,0
3436,1
3437,0
3438,1
3439,1
3440,0
3441,1
3442,0
3443,0
3444,0
3445,1
3446,1
3447,1
3448,1
3449,1
3450,0
3451,0
3452,1
3453,0
3454,0
3455,0
3456,0
3457,0
3458,0
3459,0
3460,1
3461,0
3462,1
3463,1
3464,0
3465,0
3466,0
3467,0
3468,1
3469,0
3470,0
3471,0
3472,1
3473,0
3474,1
3475,0
3476,0
3477,0
3478,1
3479,1
3480,0
3481,1
3482,0
3483,0
3484,0
3485,1
3486,1
3487,1
3488,0
3489,0
3490,0
3491,0
3492,0
3493,0
3494,0
3495,1
3496,0
3497,0
3498,1
3499,0
3500,0
3501,0
3502,1
3503,1
3504,0
3505,1
3506,0
3507,0
3508,0
3509,1
3510,0
3511,1
3512,1
3513,0
3514,0
3515,0
3516,1
3517,0
3518,1
3519,0
3520,1
3521,0
3522,1
3523,0
3524,0
3525,1
3526,1
3527,0
3528,1
3529,0
3530,0
3531,1
3532,0
3533,0
3534,1
3535,1
3536,0
3537,1
3538,0
3539,0
3540,1
3541,0
3542,0
3543,0
3544,1
3545,0
3546,1
3547,0
3548,1
3549,1
3550,1
3551,0
3552,1
3553,0
3554,1
3555,0
3556,0
3557,0
3558,1
3559,0
3560,0
3561,1
3562,0
3563,0
3564,0
3565,1
3566,0
3567,0
3568,0
3569,0
3570,0
3571,1
3572,0
3573,1
3574,0
3575,0
3576,1
3577,1
3578,1
3579,1
3580,1
3581,0
3582,0
3583,1
3584,1
3585,1
3586,0
3587,0
3588,0
3589,0
3590,1
3591,1
3592,1
3593,0
3594,1
3595,0
3596,1
3597,1
3598,1
3599,0
3600,1
3601,1
3602,0
3603,0
3604,0
3605,1
3606,0
3607,0
3608,0
3609,1
3610,0
3611,0
3612,0
3613,0
3614,0
3615,0
3616,1
3617,1
3618,0
3619,0
3620,0
3621,0
3622,0
3623,1
3624,0
3625,1
3626,1
3627,1
3628,0
3629,0
3630,0
3631,0
3632,1
3633,0
3634,1
3635,0
3636,1
3637,0
3638,1
3639,0
3640,1
3641,0
3642,0
3643,0
3644,0
3645,1
3646,0
3647,0
3648,0
3649,0
3650,0
3651,1
3652,0
3653,0
3654,0
3655,1
3656,1
3657,0
3658,0
3659,1
3660,1
3661,1
3662,1
3663,1
3664,1
3665,0
3666,0
3667,1
3668,1
3669,0
3670,0
3671,1
3672,1
3673,0
3674,1
3675,0
3676,1
3677,1
3678,0
3679,0
3680,0
3681,1
3682,1
3683,1
3684,1
3685,1
3686,0
3687,1
3688,1
3689,1
3690,1
3691,1
3692,0
3693,1
3694,1
3695,0
3696,0
3697,1
3698,0
3699,0
3700,0
3701,0
3702,0
3703,1
3704,1
3705,1
3706,0
3707,0
3708,1
3709,0
3710,0
3711,1
3712,0
3713,0
3714,0
3715,0
3716,0
3717,0
3718,0
3719,0
3720,1
3721,1
3722,0
3723,0
3724,0
3725,1
3726,0
3727,0
3728,0
3729,0
3730,1
3731,1
3732,0
3733,1
3734,1
3735,0
3736,0
3737,0
3738,1
3739,1
3740,0
3741,0
3742,1
3743,1
3744,0
3745,0
3746,0
3747,0
3748,0
3749,0
3750,0
3751,0
3752,1
3753,0
3754,0
3755,0
3756,0
3757,1
3758,0
3759,0
3760,0
3761,0
3762,1
3763,0
3764,1
3765,0
3766,1
3767,0
3768,0
3769,0
3770,0
3771,0
3772,0
3773,1
3774,0
3775,1
3776,1
3777,0
3778,1
3779,0
3780,1
3781,0
3782,1
3783,0
3784,0
3785,0
3786,1
3787,0
3788,0
3789,0
3790,0
3791,0
3792,1
3793,0
3794,0
3795,0
3796,0
3797,1
3798,1
3799,1
3800,0
3801,1
3802,0
3803,0
3804,0
3805,0
3806,1
3807,1
3808,1
3809,0
3810,0
3811,0
3812,0
3813,0
3814,0
3815,0
3816,0
3817,0
3818,0
3819,0
3820,0
3821,0
3822,1
3823,0
3824,1
3825,0
3826,1
3827,0
3828,0
3829,0
3830,1
3831,0
3832,0
3833,0
3834,1
3835,0
3836,0
3837,0
3838,1
3839,0
3840,1
3841,0
3842,0
3843,0
3844,0
3845,0
3846,0
3847,1
3848,0
3849,0
3850,1
3851,0
3852,0
3853,0
3854,1
3855,1
3856,0
3857,0
3858,1
3859,0
3860,1
3861,0
3862,0
3863,1
3864,0
3865,0
3866,1
3867,1
3868,1
3869,1
3870,0
3871,0
3872,1
3873,0
3874,1
3875,1
3876,1
3877,0
3878,0
3879,0
3880,0
3881,1
3882,0
3883,1
3884,0
3885,0
3886,1
3887,1
3888,0
3889,0
3890,0
3891,1
3892,0
3893,0
3894,1
3895,0
3896,0
3897,0
3898,0
3899,0
3900,0
3901,0
3902,0
3903,1
3904,1
3905,0
3906,0
3907,0
3908,0
3909,0
3910,0
3911,1
3912,1
3913,0
3914,0
3915,1
3916,1
3917,1
3918,0
3919,0
3920,0
3921,0
3922,1
3923,1
3924,0
3925,0
3926,1
3927,0
3928,0
3929,1
3930,0
3931,1
3932,1
3933,0
3934,0
3935,0
3936,1
3937,1
3938,0
3939,1
3940,1
3941,0
3942,1
3943,0
3944,0
3945,1
3946,0
3947,1
3948,1
3949,1
3950,1
3951,0
3952,1
3953,1
3954,0
3955,1
3956,0
3957,1
3958,0
3959,0
3960,1
3961,0
3962,0
3963,0
3964,0
3965,0
3966,0
3967,1
3968,0
3969,1
3970,0
3971,1
3972,0
3973,0
3974,1
3975,0
3976,1
3977,0
3978,0
3979,1
3980,0
3981,1
3982,0
3983,0
3984,1
3985,0
3986,1
3987,0
3988,0
3989,0
3990,1
3991,1
3992,0
3993,0
3994,0
3995,0
3996,0
3997,1
3998,0
3999,0
4000,0
4001,1
4002,0
4003,0
4004,0
4005,0
4006,1
4007,0
4008,0
4009,0
4010,1
4011,0
4012,1
4013,0
4014,1
4015,0
4016,0
4017,0
4018,1
4019,0
4020,0
4021,0
4022,0
4023,0
4024,0
4025,1
4026,1
4027,1
4028,0
4029,0
4030,0
4031,0
4032,0
4033,0
4034,1
4035,0
4036,1
4037,0
4038,1
4039,1
4040,0
4041,0
4042,1
4043,0
4044,1
4045,0
4046,1
4047,0
4048,1
4049,0
4050,0
4051,0
4052,1
4053,0
4054,1
4055,0
4056,0
4057,1
4058,0
4059,1
4060,0
4061,0
4062,0
4063,0
4064,1
4065,1
4066,0
4067,1
4068,0
4069,0
4070,0
4071,1
4072,0
4073,0
4074,1
4075,0
4076,1
4077,0
4078,1
4079,0
4080,1
4081,0
4082,0
4083,1
4084,1
4085,1
4086,1
4087,1
4088,1
4089,1
4090,0
4091,0
4092,1
4093,0
4094,0
4095,0
4096,0
4097,1
4098,1
4099,0
4100,1
4101,0
4102,1
4103,0
4104,1
4105,0
4106,0
4107,1
4108,0
4109,1
4110,1
4111,0
4112,0
4113,1
4114,1
4115,1
4116,0
4117,0
4118,1
4119,0
4120,0
4121,0
4122,0
4123,0
4124,1
4125,1
4126,0
4127,0
4128,0
4129,0
4130,0
4131,0
4132,0
4133,0
4134,1
4135,0
4136,0
4137,1
4138,0
4139,0
4140,1
4141,1
4142,1
4143,0
4144,1
4145,1
4146,1
4147,1
4148,0
4149,0
4150,1
4151,0
4152,0
4153,0
4154,0
4155,0
4156,1
4157,0
4158,1
4159,0
4160,0
4161,0
4162,1
4163,1
4164,0
4165,0
4166,0
4167,1
4168,1
4169,1
4170,1
4171,0
4172,0
4173,1
4174,0
4175,1
4176,1
4177,1
4178,0
4179,0
4180,0
4181,1
4182,1
4183,0
4184,0
4185,0
4186,1
4187,0
4188,0
4189,1
4190,1
4191,0
4192,0
4193,1
4194,1
4195,1
4196,0
4197,1
4198,1
4199,0
4200,1
4201,0
4202,1
4203,0
4204,0
4205,0
4206,0
4207,0
4208,0
4209,0
4210,1
4211,1
4212,1
4213,0
4214,0
4215,0
4216,1
4217,0
4218,1
4219,0
4220,0
4221,0
4222,0
4223,0
4224,1
4225,1
4226,1
4227,1
4228,0
4229,1
4230,1
4231,0
4232,0
4233,1
4234,1
4235,0
4236,1
4237,1
4238,0
4239,1
4240,1
4241,0
4242,1
4243,0
4244,0
4245,1
4246,0
4247,0
4248,0
4249,1
4250,1
4251,0
4252,0
4253,1
4254,0
4255,0
4256,0
4257,0
4258,0
4259,1
4260,1
4261,1
4262,0
4263,1
4264,0
4265,1
4266,1
4267,1
4268,0
4269,0
4270,0
4271,1
4272,1
4273,0
4274,0
4275,0
4276,0
4277,0
4278,0
4279,0
4280,1
4281,0
4282,0
4283,1
4284,1
4285,1
4286,1
4287,0
4288,0
4289,1
4290,1
4291,0
4292,0
4293,0
4294,0
4295,1
4296,0
4297,0
4298,0
4299,1
4300,1
4301,0
4302,0
4303,0
4304,0
4305,0
4306,0
4307,1
4308,0
4309,0
4310,1
4311,0
4312,0
4313,1
4314,1
4315,0
4316,0
4317,1
4318,1
4319,0
4320,1
4321,1
4322,1
4323,0
4324,0
4325,0
4326,0
4327,0
4328,0
4329,0
4330,0
4331,1
4332,1
4333,0
4334,0
4335,1
4336,0
4337,1
4338,1
4339,1
4340,1
4341,0
4342,0
4343,1
4344,0
4345,0
4346,0
4347,0
4348,0
4349,1
4350,0
4351,1
4352,0
4353,1
4354,0
4355,1
4356,1
4357,1
4358,0
4359,1
4360,0
4361,1
4362,0
4363,0
4364,0
4365,1
4366,0
4367,1
4368,1
4369,0
4370,1
4371,0
4372,0
4373,0
4374,0
4375,0
4376,0
4377,1
4378,1
4379,1
4380,0
4381,1
4382,1
4383,0
4384,0
4385,0
4386,0
4387,1
4388,1
4389,0
4390,1
4391,0
4392,0
4393,0
4394,1
4395,1
4396,0
4397,0
4398,0
4399,0
4400,0
4401,0
4402,0
4403,0
4404,0
4405,0
4406,0
4407,0
4408,0
4409,1
4410,1
4411,1
4412,1
4413,0
4414,1
4415,0
4416,0
4417,0
4418,1
4419,0
4420,1
4421,1
4422,0
4423,1
4424,0
4425,0
4426,0
4427,0
4428,1
4429,0
4430,0
4431,0
4432,0
4433,0
4434,0
4435,0
4436,0
4437,0
4438,0
4439,1
4440,0
4441,0
4442,0
4443,1
4444,1
4445,0
4446,1
4447,0
4448,0
4449,0
4450,1
4451,0
4452,0
4453,1
4454,0
4455,0
4456,1
4457,1
4458,1
4459,0
4460,0
4461,1
4462,0
4463,1
4464,0
4465,1
4466,0
4467,1
4468,1
4469,1
4470,1
4471,1
4472,1
4473,0
4474,0
4475,1
4476,0
4477,0
4478,0
4479,1
4480,0
4481,1
4482,1
4483,0
4484,0
4485,0
4486,0
4487,0
4488,1
4489,0
4490,0
4491,0
4492,0
4493,0
4494,0
4495,0
4496,0
4497,1
4498,1
4499,0
4500,0
4501,0
4502,1
4503,0
4504,0
4505,1
4506,0
4507,1
4508,1
4509,1
4510,0
4511,0
4512,0
4513,0
4514,1
4515,0
4516,1
4517,0
4518,0
4519,0
4520,1
4521,0
4522,0
4523,1
4524,0
4525,0
4526,0
4527,0
4528,0
4529,0
4530,0
4531,0
4532,0
4533,0
4534,0
4535,0
4536,1
4537,1
4538,1
4539,0
4540,1
4541,0
4542,0
4543,1
4544,0
4545,1
4546,0
4547,0
4548,0
4549,0
4550,1
4551,0
4552,0
4553,1
4554,0
4555,0
4556,0
4557,1
4558,0
4559,0
4560,0
4561,1
4562,1
4563,0
4564,0
4565,0
4566,1
4567,0
4568,0
4569,0
4570,1
4571,1
4572,1
4573,0
4574,0
4575,0
4576,0
4577,1
4578,1
4579,1
4580,1
4581,0
4582,0
4583,1
4584,1
4585,0
4586,0
4587,1
4588,0
4589,1
4590,0
4591,0
4592,0
4593,0
4594,0
4595,0
4596,1
4597,0
4598,1
4599,0
4600,0
4601,0
4602,1
4603,0
4604,1
4605,1
4606,1
4607,1
4608,0
4609,1
4610,1
4611,1
4612,1
4613,0
4614,0
4615,0
4616,1
4617,0
4618,0
4619,1
4620,0
4621,0
4622,0
4623,1
4624,1
4625,0
4626,1
4627,1
4628,0
4629,0
4630,0
4631,1
4632,0
4633,1
4634,1
4635,0
4636,0
4637,0
4638,1
4639,0
4640,0
4641,0
4642,0
4643,0
4644,1
4645,0
4646,0
4647,0
4648,0
4649,1
4650,1
4651,0
4652,0
4653,0
4654,0
4655,1
4656,0
4657,1
4658,0
4659,0
4660,0
4661,1
4662,0
4663,1
4664,0
4665,0
4666,1
4667,1
4668,0
4669,0
4670,0
4671,1
4672,0
4673,1
4674,1
4675,0
4676,0
4677,0
4678,1
4679,0
4680,1
4681,0
4682,0
4683,0
4684,1
4685,0
4686,1
4687,1
4688,0
4689,0
4690,0
4691,0
4692,0
4693,0
4694,0
4695,0
4696,1
4697,1
4698,0
4699,1
4700,0
4701,0
4702,0
4703,0
4704,0
4705,1
4706,0
4707,1
4708,1
4709,0
4710,0
4711,1
4712,0
4713,0
4714,0
4715,0
4716,1
4717,0
4718,0
4719,0
4720,1
4721,0
4722,1
4723,1
4724,1
4725,1
4726,0
4727,0
4728,0
4729,0
4730,0
4731,0
4732,0
4733,1
4734,0
4735,1
4736,0
4737,0
4738,1
4739,1
4740,0
4741,0
4742,1
4743,0
4744,1
4745,1
4746,1
4747,0
4748,0
4749,1
4750,0
4751,1
4752,0
4753,0
4754,1
4755,0
4756,1
4757,0
4758,0
4759,0
4760,1
4761,1
4762,0
4763,1
4764,0
4765,1
4766,0
4767,1
4768,1
4769,1
4770,0
4771,1
4772,0
4773,1
4774,0
4775,0
4776,0
4777,1
4778,0
4779,1
4780,0
4781,0
4782,0
4783,1
4784,0
4785,1
4786,1
4787,1
4788,0
4789,0
4790,1
4791,1
4792,0
4793,0
4794,0
4795,0
4796,0
4797,0
4798,0
4799,0
4800,1
4801,0
4802,1
4803,0
4804,0
4805,0
4806,0
4807,0
4808,0
4809,1
4810,0
4811,0
4812,0
4813,0
4814,0
4815,0
4816,0
4817,0
4818,0
4819,0
4820,0
4821,0
4822,0
4823,0
4824,1
4825,1
4826,1
4827,0
4828,0
4829,1
4830,1
4831,0
4832,1
4833,1
4834,1
4835,0
4836,1
4837,1
4838,0
4839,0
4840,0
4841,0
4842,0
4843,1
4844,0
4845,0
4846,0
4847,1
4848,1
4849,0
4850,1
4851,0
4852,0
4853,1
4854,0
4855,1
4856,0
4857,1
4858,1
4859,0
4860,0
4861,0
4862,1
4863,1
4864,1
4865,0
4866,0
4867,0
4868,0
4869,0
4870,1
4871,1
4872,1
4873,0
4874,0
4875,0
4876,1
4877,0
4878,1
4879,0
4880,0
4881,0
4882,0
4883,0
4884,0
4885,1
4886,0
4887,1
4888,0
4889,1
4890,0
4891,0
4892,0
4893,0
4894,0
4895,0
4896,0
4897,0
4898,0
4899,0
4900,1
4901,0
4902,0
4903,1
4904,1
4905,1
4906,0
4907,0
4908,1
4909,0
4910,1
4911,0
4912,0
4913,1
4914,1
4915,0
4916,0
4917,0
4918,0
4919,0
4920,1
4921,0
4922,0
4923,0
4924,1
4925,0
4926,0
4927,1
4928,0
4929,1
4930,0
4931,0
4932,0
4933,0
4934,0
4935,1
4936,0
4937,0
4938,1
4939,0
4940,1
4941,0
4942,0
4943,1
4944,1
4945,0
4946,0
4947,0
4948,1
4949,0
4950,1
4951,0
4952,0
4953,0
4954,0
4955,1
4956,0
4957,1
4958,0
4959,1
4960,0
4961,0
4962,1
4963,1
4964,1
4965,1
4966,0
4967,0
4968,0
4969,0
4970,1
4971,0
4972,0
4973,0
4974,1
4975,0
4976,0
4977,0
4978,0
4979,0
4980,1
4981,0
4982,0
4983,1
4984,0
4985,0
4986,0
4987,0
4988,1
4989,1
4990,1
4991,0
4992,1
4993,1
4994,0
4995,0
4996,1
4997,1
4998,1
4999,1
5000,0
5001,1
5002,1
5003,0
5004,1
5005,0
5006,1
5007,1
5008,0
5009,0
5010,1
5011,0
5012,1
5013,1
5014,1
5015,0
5016,1
5017,0
5018,1
5019,0
5020,0
5021,1
5022,0
5023,1
5024,0
5025,0
5026,0
5027,0
5028,0
5029,1
5030,1
5031,0
5032,1
5033,0
5034,1
5035,0
5036,1
5037,1
5038,1
5039,1
5040,0
5041,0
5042,0
5043,1
5044,0
5045,1
5046,1
5047,1
5048,0
5049,1
5050,0
5051,0
5052,0
5053,1
5054,1
5055,0
5056,1
5057,0
5058,0
5059,0
5060,0
5061,0
5062,1
5063,1
5064,1
5065,0
5066,1
5067,1
5068,1
5069,0
5070,0
5071,0
5072,0
5073,0
5074,1
5075,0
5076,1
5077,0
5078,1
5079,0
5080,0
5081,0
5082,1
5083,1
5084,0
5085,0
5086,1
5087,1
5088,1
5089,1
5090,1
5091,0
5092,0
5093,1
5094,0
5095,0
5096,1
5097,0
5098,0
5099,0
5100,1
5101,0
5102,1
5103,0
5104,0
5105,1
5106,0
5107,0
5108,0
5109,1
5110,1
5111,1
5112,1
5113,1
5114,1
5115,1
5116,1
5117,1
5118,0
5119,1
5120,0
5121,0
5122,0
5123,1
5124,0
5125,1
5126,1
5127,1
5128,0
5129,1
5130,0
5131,1
5132,1
5133,0
5134,0
5135,0
5136,0
5137,0
5138,0
5139,0
5140,0
5141,0
5142,0
5143,0
5144,0
5145,0
5146,1
5147,0
5148,1
5149,0
5150,1
5151,0
5152,0
5153,0
5154,0
5155,1
5156,1
5157,1
5158,0
5159,0
5160,0
5161,1
5162,1
5163,0
5164,1
5165,0
5166,0
5167,1
5168,0
5169,0
5170,0
5171,0
5172,0
5173,0
5174,1
5175,0
5176,0
5177,0
5178,0
5179,1
5180,1
5181,1
5182,0
5183,1
5184,0
5185,1
5186,1
5187,1
5188,1
5189,0
5190,1
5191,0
5192,0
5193,0
5194,0
5195,0
5196,0
5197,0
5198,0
5199,0
5200,1
5201,0
5202,0
5203,0
5204,1
5205,0
5206,1
5207,0
5208,1
5209,1
5210,0
5211,1
5212,1
5213,0
5214,0
5215,0
5216,1
5217,1
5218,0
5219,1
5220,1
5221,1
5222,0
5223,0
5224,1
5225,1
5226,0
5227,1
5228,1
5229,1
5230,0
5231,1
5232,1
5233,0
5234,1
5235,0
5236,1
5237,1
5238,0
5239,0
5240,0
5241,0
5242,1
5243,0
5244,0
5245,1
5246,1
5247,0
5248,0
5249,1
5250,0
5251,1
5252,0
5253,0
5254,1
5255,0
5256,1
5257,0
5258,0
5259,0
5260,0
5261,0
5262,1
5263,1
5264,1
5265,0
5266,0
5267,1
5268,0
5269,0
5270,1
5271,1
5272,0
5273,1
5274,0
5275,1
5276,0
5277,1
5278,1
5279,0
5280,0
5281,0
5282,0
5283,0
5284,0
5285,1
5286,0
5287,1
5288,0
5289,0
5290,0
5291,0
5292,0
5293,0
5294,0
5295,1
5296,1
5297,0
5298,0
5299,0
5300,1
5301,0
5302,1
5303,1
5304,1
5305,0
5306,0
5307,0
5308,1
5309,0
5310,0
5311,0
5312,0
5313,0
5314,0
5315,1
5316,1
5317,0
5318,1
5319,1
5320,0
5321,1
5322,1
5323,0
5324,1
5325,1
5326,1
5327,0
5328,0
5329,1
5330,1
5331,0
5332,0
5333,1
5334,0
5335,1
5336,0
5337,0
5338,1
5339,0
5340,0
5341,0
5342,0
5343,1
5344,0
5345,0
5346,1
5347,0
5348,1
5349,1
5350,1
5351,1
5352,1
5353,1
5354,0
5355,0
5356,0
5357,0
5358,0
5359,0
5360,0
5361,0
5362,0
5363,0
5364,0
5365,0
5366,0
5367,0
5368,1
5369,0
5370,0
5371,0
5372,1
5373,1
5374,1
5375,0
5376,0
5377,0
5378,0
5379,1
5380,1
5381,0
5382,0
5383,1
5384,0
5385,1
5386,0
5387,0
5388,1
5389,0
5390,0
5391,1
5392,1
5393,0
5394,0
5395,0
5396,0
5397,1
5398,0
5399,0
5400,0
5401,1
5402,0
5403,1
5404,1
5405,0
5406,1
5407,0
5408,0
5409,1
5410,1
5411,0
5412,1
5413,1
5414,1
5415,0
5416,0
5417,0
5418,0
5419,0
5420,1
5421,1
5422,0
5423,0
5424,0
5425,1
5426,0
5427,0
5428,0
5429,1
5430,0
5431,1
5432,0
5433,0
5434,0
5435,0
5436,0
5437,1
5438,0
5439,1
5440,1
5441,0
5442,1
5443,1
5444,0
5445,0
5446,1
5447,1
5448,0
5449,0
5450,0
5451,0
5452,0
5453,0
5454,0
5455,0
5456,0
5457,1
5458,1
5459,1
5460,0
5461,0
5462,0
5463,1
5464,0
5465,0
5466,0
5467,0
5468,0
5469,0
5470,0
5471,1
5472,0
5473,0
5474,0
5475,0
5476,0
5477,0
5478,1
5479,0
5480,0
5481,0
5482,0
5483,1
5484,1
5485,1
5486,1
5487,0
5488,0
5489,0
5490,0
5491,0
5492,0
5493,0
5494,1
5495,0
5496,1
5497,0
5498,0
5499,0
5500,0
5501,0
5502,0
5503,1
5504,0
5505,1
5506,0
5507,1
5508,1
5509,0
5510,0
5511,1
5512,1
5513,1
5514,0
5515,1
5516,0
5517,1
5518,1
5519,0
5520,1
5521,0
5522,0
5523,0
5524,0
5525,1
5526,1
5527,1
5528,0
5529,1
5530,0
5531,0
5532,0
5533,0
5534,0
5535,0
5536,0
5537,1
5538,0
5539,0
5540,0
5541,1
5542,1
5543,0
5544,0
5545,0
5546,0
5547,0
5548,0
5549,1
5550,1
5551,0
5552,0
5553,0
5554,0
5555,0
5556,0
5557,1
5558,0
5559,1
5560,1
5561,1
5562,0
5563,1
5564,1
5565,0
5566,0
5567,1
5568,1
5569,0
5570,1
5571,0
5572,1
5573,1
5574,0
5575,1
5576,1
5577,0
5578,1
5579,0
5580,1
5581,1
5582,0
5583,1
5584,0
5585,1
5586,1
5587,0
5588,0
5589,0
5590,1
5591,0
5592,0
5593,1
5594,0
5595,0
5596,0
5597,0
5598,1
5599,0
5600,1
5601,1
5602,1
5603,0
5604,1
5605,0
5606,0
5607,1
5608,0
5609,1
5610,0
5611,1
5612,0
5613,0
5614,0
5615,0
5616,1
5617,1
5618,0
5619,1
5620,0
5621,1
5622,0
5623,0
5624,0
5625,0
5626,1
5627,0
5628,0
5629,1
5630,0
5631,1
5632,1
5633,0
5634,0
5635,1
5636,0
5637,0
5638,0
5639,1
5640,1
5641,0
5642,0
5643,1
5644,0
5645,1
5646,0
5647,0
5648,0
5649,1
5650,1
5651,0
5652,1
5653,1
5654,0
5655,0
5656,0
5657,1
5658,0
5659,1
5660,0
5661,0
5662,1
5663,1
5664,0
5665,0
5666,1
5667,0
5668,0
5669,0
5670,0
5671,0
5672,0
5673,0
5674,1
5675,0
5676,0
5677,1
5678,0
5679,0
5680,0
5681,0
5682,0
5683,0
5684,1
5685,0
5686,0
5687,0
5688,0
5689,1
5690,1
5691,0
5692,0
5693,1
5694,0
5695,0
5696,1
5697,0
5698,0
5699,0
5700,0
5701,0
5702,1
5703,1
5704,0
5705,1
5706,0
5707,0
5708,0
5709,0
5710,0
5711,0
5712,0
5713,1
5714,1
5715,1
5716,0
5717,0
5718,1
5719,1
5720,1
5721,0
5722,1
5723,0
5724,1
5725,1
5726,1
5727,1
5728,0
5729,1
5730,1
5731,0
5732,0
5733,0
5734,0
5735,1
5736,0
5737,0
5738,0
5739,1
5740,1
5741,1
5742,0
5743,0
5744,1
5745,0
5746,1
5747,0
5748,0
5749,0
5750,0
5751,1
5752,1
5753,0
5754,1
5755,0
5756,0
5757,1
5758,0
5759,1
5760,1
5761,1
5762,0
5763,0
5764,1
5765,1
5766,0
5767,1
5768,0
5769,0
5770,0
5771,1
5772,1
5773,0
5774,0
5775,1
5776,0
5777,0
5778,1
5779,0
5780,1
5781,0
5782,0
5783,0
5784,0
5785,1
5786,0
5787,0
5788,1
5789,0
5790,1
5791,1
5792,0
5793,1
5794,0
5795,0
5796,1
5797,1
5798,0
5799,0
5800,1
5801,0
5802,0
5803,1
5804,1
5805,1
5806,1
5807,0
5808,0
5809,1
5810,0
5811,1
5812,1
5813,0
5814,0
5815,0
5816,1
5817,0
5818,1
5819,1
5820,1
5821,1
5822,0
5823,1
5824,0
5825,1
5826,0
5827,0
5828,0
5829,1
5830,0
5831,1
5832,0
5833,0
5834,0
5835,1
5836,0
5837,0
5838,0
5839,0
5840,0
5841,0
5842,1
5843,0
5844,0
5845,1
5846,0
5847,0
5848,0
5849,0
5850,0
5851,0
5852,0
5853,0
5854,1
5855,0
5856,1
5857,1
5858,1
5859,0
5860,0
5861,1
5862,0
5863,0
5864,0
5865,0
5866,1
5867,0
5868,0
5869,1
5870,0
5871,0
5872,0
5873,0
5874,1
5875,0
5876,0
5877,1
5878,0
5879,1
5880,0
5881,0
5882,1
5883,1
5884,0
5885,1
5886,0
5887,0
5888,1
5889,1
5890,1
5891,0
5892,1
5893,0
5894,0
5895,0
5896,1
5897,0
5898,1
5899,0
5900,0
5901,0
5902,0
5903,0
5904,1
5905,1
5906,1
5907,0
5908,0
5909,1
5910,0
5911,0
5912,0
5913,1
5914,0
5915,0
5916,0
5917,1
5918,0
5919,1
5920,0
5921,1
5922,0
5923,0
5924,1
5925,1
5926,0
5927,0
5928,0
5929,0
5930,0
5931,0
5932,0
5933,1
5934,0
5935,0
5936,0
5937,0
5938,1
5939,1
5940,1
5941,1
5942,1
5943,0
5944,0
5945,0
5946,0
5947,0
5948,0
5949,0
5950,0
5951,1
5952,0
5953,1
5954,0
5955,0
5956,0
5957,1
5958,0
5959,1
5960,0
5961,1
5962,0
5963,1
5964,0
5965,0
5966,0
5967,1
5968,1
5969,0
5970,1
5971,1
5972,0
5973,1
5974,0
5975,0
5976,0
5977,1
5978,0
5979,1
5980,1
5981,1
5982,0
5983,0
5984,1
5985,0
5986,1
5987,0
5988,0
5989,1
5990,1
5991,1
5992,0
5993,1
5994,1
5995,0
5996,1
5997,0
5998,0
5999,1
6000,0
6001,1
6002,0
6003,1
6004,0
6005,1
6006,0
6007,0
6008,1
6009,1
6010,0
6011,0
6012,0
6013,0
6014,0
6015,1
6016,1
6017,1
6018,0
6019,1
6020,1
6021,0
6022,0
6023,0
6024,1
6025,1
6026,0
6027,0
6028,1
6029,0
6030,0
6031,0
6032,1
6033,0
6034,0
6035,0
6036,0
6037,0
6038,1
6039,1
6040,0
6041,1
6042,1
6043,1
6044,0
6045,1
6046,0
6047,0
6048,0
6049,0
6050,1
6051,0
6052,0
6053,0
6054,0
6055,0
6056,1
6057,1
6058,1
6059,0
6060,0
6061,0
6062,0
6063,0
6064,1
6065,0
6066,0
6067,0
6068,1
6069,1
6070,0
6071,1
6072,0
6073,0
6074,0
6075,0
6076,0
6077,1
6078,1
6079,0
6080,0
6081,0
6082,0
6083,0
6084,0
6085,0
6086,0
6087,0
6088,0
6089,1
6090,1
6091,1
6092,0
6093,0
6094,0
6095,0
6096,0
6097,0
6098,1
6099,1
6100,0
6101,1
6102,0
6103,0
6104,1
6105,0
6106,0
6107,0
6108,0
6109,1
6110,0
6111,0
6112,1
6113,1
6114,0
6115,0
6116,0
6117,0
6118,0
6119,0
6120,1
6121,0
6122,0
6123,0
6124,0
6125,0
6126,0
6127,1
6128,1
6129,0
6130,0
6131,0
6132,0
6133,0
6134,0
6135,1
6136,1
6137,0
6138,0
6139,0
6140,0
6141,1
6142,1
6143,0
6144,1
6145,1
6146,0
6147,0
6148,0
6149,0
6150,0
6151,0
6152,1
6153,1
6154,0
6155,1
6156,0
6157,0
6158,0
6159,0
6160,0
6161,1
6162,0
6163,0
6164,0
6165,0
6166,1
6167,0
6168,1
6169,1
6170,0
6171,0
6172,0
6173,1
6174,0
6175,0
6176,0
6177,1
6178,1
6179,0
6180,1
6181,0
6182,1
6183,0
6184,0
6185,1
6186,0
6187,1
6188,0
6189,0
6190,0
6191,0
6192,0
6193,0
6194,0
6195,0
6196,0
6197,0
6198,1
6199,0
6200,0
6201,1
6202,0
6203,1
6204,0
6205,0
6206,0
6207,0
6208,1
6209,1
6210,1
6211,1
6212,0
6213,1
6214,1
6215,0
6216,0
6217,1
6218,0
6219,0
6220,1
6221,1
6222,0
6223,1
6224,1
6225,1
6226,1
6227,0
6228,0
6229,0
6230,0
6231,0
6232,1
6233,1
6234,1
6235,0
6236,0
6237,0
6238,0
6239,0
6240,0
6241,1
6242,0
6243,0
6244,0
6245,0
6246,0
6247,1
6248,0
6249,0
6250,1
6251,0
6252,0
6253,0
6254,0
6255,0
6256,1
6257,0
6258,0
6259,1
6260,1
6261,1
6262,1
6263,0
6264,0
6265,1
6266,0
6267,1
6268,0
6269,1
6270,1
6271,1
6272,0
6273,1
6274,1
6275,0
6276,0
6277,0
6278,1
6279,0
6280,0
6281,0
6282,0
6283,0
6284,0
6285,0
6286,0
6287,1
6288,0
6289,0
6290,1
6291,0
6292,1
6293,0
6294,1
6295,0
6296,0
6297,0
6298,0
6299,0
6300,1
6301,0
6302,0
6303,0
6304,0
6305,0
6306,0
6307,0
6308,1
6309,1
6310,0
6311,0
6312,0
6313,0
6314,0
6315,0
6316,1
6317,1
6318,0
6319,0
6320,0
6321,0
6322,0
6323,0
6324,0
6325,1
6326,1
6327,0
6328,0
6329,1
6330,1
6331,0
6332,1
6333,1
6334,0
6335,0
6336,0
6337,0
6338,1
6339,1
6340,0
6341,0
6342,1
6343,0
6344,1
6345,1
6346,0
6347,0
6348,1
6349,0
6350,0
6351,1
6352,0
6353,0
6354,0
6355,0
6356,0
6357,0
6358,1
6359,0
6360,0
6361,0
6362,0
6363,1
6364,0
6365,1
6366,0
6367,0
6368,0
6369,1
6370,0
6371,0
6372,1
6373,0
6374,0
6375,0
6376,0
6377,1
6378,0
6379,1
6380,0
6381,1
6382,0
6383,1
6384,1
6385,0
6386,1
6387,1
6388,0
6389,0
6390,1
6391,0
6392,1
6393,0
6394,0
6395,0
6396,0
6397,1
6398,1
6399,0
6400,0
6401,1
6402,0
6403,0
6404,0
6405,1
6406,1
6407,0
6408,0
6409,0
6410,0
6411,0
6412,0
6413,1
6414,0
6415,1
6416,0
6417,0
6418,1
6419,1
6420,0
6421,0
6422,0
6423,0
6424,0
6425,1
6426,1
6427,0
6428,1
6429,0
6430,0
6431,1
6432,0
6433,1
6434,1
6435,1
6436,0
6437,0
6438,0
6439,1
6440,1
6441,0
6442,1
6443,1
6444,0
6445,0
6446,0
6447,0
6448,1
6449,0
6450,0
6451,0
6452,0
6453,0
6454,1
6455,1
6456,0
6457,0
6458,0
6459,0
6460,0
6461,0
6462,0
6463,1
6464,1
6465,1
6466,0
6467,1
6468,0
6469,0
6470,0
6471,1
6472,1
6473,1
6474,1
6475,0
6476,0
6477,0
6478,1
6479,1
6480,1
6481,0
6482,0
6483,1
6484,1
6485,0
6486,0
6487,0
6488,0
6489,0
6490,1
6491,1
6492,0
6493,0
6494,0
6495,0
6496,0
6497,0
6498,0
6499,0
6500,1
6501,1
6502,1
6503,1
6504,1
6505,1
6506,1
6507,1
6508,1
6509,0
6510,0
6511,0
6512,1
6513,1
6514,0
6515,0
6516,1
6517,0
6518,0
6519,0
6520,0
6521,0
6522,0
6523,0
6524,0
6525,1
6526,0
6527,0
6528,0
6529,1
6530,0
6531,1
6532,1
6533,0
6534,1
6535,0
6536,0
6537,0
6538,0
6539,0
6540,0
6541,0
6542,0
6543,1
6544,0
6545,1
6546,0
6547,0
6548,1
6549,0
6550,0
6551,0
6552,1
6553,0
6554,1
6555,0
6556,1
6557,1
6558,0
6559,1
6560,0
6561,0
6562,0
6563,0
6564,1
6565,0
6566,0
6567,0
6568,0
6569,1
6570,1
6571,0
6572,0
6573,1
6574,0
6575,1
6576,1
6577,1
6578,1
6579,0
6580,0
6581,0
6582,0
6583,0
6584,1
6585,0
6586,0
6587,0
6588,0
6589,1
6590,0
6591,1
6592,0
6593,0
6594,0
6595,1
6596,0
6597,1
6598,0
6599,1
6600,1
6601,0
6602,0
6603,1
6604,1
6605,1
6606,1
6607,1
6608,0
6609,0
6610,1
6611,0
6612,0
6613,0
6614,1
6615,0
6616,1
6617,0
6618,0
6619,0
6620,1
6621,0
6622,0
6623,1
6624,0
6625,1
6626,1
6627,0
6628,1
6629,0
6630,0
6631,0
6632,0
6633,1
6634,0
6635,0
6636,0
6637,1
6638,0
6639,0
6640,0
6641,1
6642,0
6643,1
6644,0
6645,1
6646,0
6647,0
6648,0
6649,0
6650,1
6651,0
6652,1
6653,0
6654,0
6655,1
6656,1
6657,0
6658,1
6659,0
6660,0
6661,0
6662,0
6663,1
6664,1
6665,1
6666,1
6667,0
6668,1
6669,0
6670,1
6671,1
6672,0
6673,0
6674,0
6675,0
6676,1
6677,0
6678,0
6679,0
6680,0
6681,1
6682,0
6683,0
6684,0
6685,0
6686,1
6687,0
6688,1
6689,0
6690,1
6691,1
6692,1
6693,0
6694,1
6695,0
6696,0
6697,1
6698,1
6699,0
6700,1
6701,0
6702,0
6703,0
6704,1
6705,0
6706,1
6707,0
6708,1
6709,1
6710,1
6711,0
6712,1
6713,1
6714,1
6715,0
6716,0
6717,1
6718,0
6719,0
6720,0
6721,1
6722,1
6723,0
6724,1
6725,1
6726,0
6727,1
6728,0
6729,0
6730,1
6731,1
6732,1
6733,1
6734,0
6735,1
6736,1
6737,0
6738,0
6739,1
6740,0
6741,0
6742,1
6743,1
6744,0
6745,1
6746,0
6747,1
6748,1
6749,0
6750,0
6751,1
6752,0
6753,1
6754,0
6755,1
6756,1
6757,0
6758,1
6759,0
6760,0
6761,0
6762,1
6763,1
6764,1
6765,1
6766,0
6767,0
6768,0
6769,0
6770,0
6771,0
6772,1
6773,1
6774,0
6775,1
6776,1
6777,1
6778,0
6779,1
6780,1
6781,1
6782,1
6783,0
6784,1
6785,1
6786,0
6787,0
6788,0
6789,1
6790,1
6791,0
6792,0
6793,1
6794,0
6795,1
6796,0
6797,1
6798,0
6799,0
6800,0
6801,0
6802,1
6803,0
6804,0
6805,1
6806,0
6807,0
6808,0
6809,0
6810,0
6811,1
6812,1
6813,0
6814,0
6815,1
6816,1
6817,0
6818,0
6819,0
6820,1
6821,0
6822,0
6823,0
6824,1
6825,0
6826,0
6827,1
6828,0
6829,1
6830,0
6831,1
6832,0
6833,0
6834,1
6835,0
6836,1
6837,0
6838,0
6839,1
6840,0
6841,0
6842,1
6843,1
6844,1
6845,1
6846,0
6847,0
6848,0
6849,0
6850,0
6851,0
6852,0
6853,0
6854,1
6855,0
6856,0
6857,1
6858,0
6859,0
6860,1
6861,0
6862,0
6863,1
6864,1
6865,0
6866,0
6867,0
6868,0
6869,0
6870,0
6871,0
6872,0
6873,1
6874,0
6875,1
6876,0
6877,0
6878,0
6879,0
6880,1
6881,0
6882,0
6883,1
6884,0
6885,0
6886,0
6887,1
6888,0
6889,1
6890,0
6891,0
6892,1
6893,1
6894,0
6895,0
6896,1
6897,1
6898,1
6899,1
6900,1
6901,0
6902,0
6903,0
6904,0
6905,0
6906,0
6907,0
6908,0
6909,1
6910,0
6911,0
6912,1
6913,0
6914,0
6915,1
6916,1
6917,0
6918,0
6919,0
6920,1
6921,1
6922,0
6923,0
6924,1
6925,0
6926,0
6927,0
6928,0
6929,0
6930,0
6931,0
6932,0
6933,0
6934,0
6935,0
6936,0
6937,0
6938,1
6939,1
6940,0
6941,1
6942,0
6943,1
6944,1
6945,0
6946,0
6947,0
6948,1
6949,0
6950,1
6951,1
6952,1
6953,0
6954,1
6955,0
6956,1
6957,1
6958,1
6959,0
6960,1
6961,0
6962,0
6963,0
6964,1
6965,0
6966,0
6967,1
6968,0
6969,0
6970,0
6971,0
6972,0
6973,0
6974,1
6975,1
6976,1
6977,1
6978,0
6979,0
6980,0
6981,0
6982,1
6983,1
6984,0
6985,1
6986,0
6987,0
6988,1
6989,0
6990,0
6991,1
6992,0
6993,0
6994,0
6995,0
6996,0
6997,0
6998,1
6999,0
7000,0
7001,0
7002,1
7003,1
7004,1
7005,0
7006,1
7007,0
7008,0
7009,0
7010,0
7011,1
7012,0
7013,0
7014,0
7015,1
7016,0
7017,1
7018,0
7019,0
7020,0
7021,0
7022,1
7023,1
7024,1
7025,0
7026,1
7027,0
7028,0
7029,1
7030,0
7031,0
7032,0
7033,1
7034,0
7035,0
7036,0
7037,1
7038,1
7039,1
7040,0
7041,1
7042,0
7043,0
7044,1
7045,1
7046,1
7047,0
7048,1
7049,1
7050,0
7051,0
7052,1
7053,1
7054,1
7055,1
7056,1
7057,1
7058,0
7059,0
7060,1
7061,0
7062,1
7063,0
7064,1
7065,0
7066,1
7067,1
7068,0
7069,1
7070,0
7071,0
7072,0
7073,0
7074,1
7075,1
7076,1
7077,0
7078,0
7079,0
7080,0
7081,0
7082,0
7083,1
7084,0
7085,1
7086,0
7087,1
7088,1
7089,1
7090,0
7091,1
7092,0
7093,0
7094,1
7095,1
7096,0
7097,0
7098,0
7099,1
7100,0
7101,0
7102,1
7103,0
7104,1
7105,0
7106,0
7107,0
7108,1
7109,0
7110,1
7111,1
7112,1
7113,1
7114,0
7115,0
7116,0
7117,0
7118,0
7119,1
7120,0
7121,1
7122,1
7123,0
7124,0
7125,0
7126,0
7127,0
7128,0
7129,0
7130,0
7131,1
7132,0
7133,0
7134,0
7135,0
7136,0
7137,0
7138,0
7139,1
7140,1
7141,1
7142,0
7143,0
7144,1
7145,0
7146,0
7147,0
7148,1
7149,0
7150,0
7151,0
7152,0
7153,0
7154,1
7155,0
7156,1
7157,1
7158,0
7159,0
7160,1
7161,0
7162,1
7163,1
7164,0
7165,0
7166,0
7167,0
7168,0
7169,1
7170,0
7171,0
7172,0
7173,0
7174,0
7175,0
7176,0
7177,1
7178,1
7179,0
7180,1
7181,1
7182,1
7183,1
7184,1
7185,0
7186,0
7187,0
7188,0
7189,1
7190,0
7191,1
7192,0
7193,1
7194,0
7195,0
7196,1
7197,0
7198,0
7199,0
7200,1
7201,0
7202,0
7203,0
7204,1
7205,0
7206,1
7207,0
7208,0
7209,0
7210,0
7211,0
7212,0
7213,0
7214,0
7215,0
7216,1
7217,0
7218,1
7219,0
7220,0
7221,0
7222,0
7223,0
7224,0
7225,0
7226,1
7227,0
7228,1
7229,0
7230,1
7231,1
7232,1
7233,0
7234,1
7235,0
7236,0
7237,0
7238,0
7239,0
7240,1
7241,0
7242,0
7243,0
7244,0
7245,0
7246,0
7247,1
7248,1
7249,0
7250,0
7251,0
7252,0
7253,1
7254,0
7255,1
7256,1
7257,1
7258,0
7259,1
7260,1
7261,0
7262,1
7263,0
7264,0
7265,0
7266,0
7267,1
7268,1
7269,0
7270,0
7271,0
7272,0
7273,0
7274,1
7275,1
7276,0
7277,0
7278,0
7279,0
7280,1
7281,0
7282,0
7283,1
7284,0
7285,1
7286,1
7287,0
7288,1
7289,0
7290,0
7291,0
7292,0
7293,0
7294,1
7295,1
7296,0
7297,1
7298,0
7299,1
7300,0
7301,1
7302,0
7303,1
7304,0
7305,1
7306,0
7307,1
7308,0
7309,0
7310,0
7311,0
7312,1
7313,0
7314,1
7315,0
7316,1
7317,1
7318,0
7319,0
7320,1
7321,1
7322,0
7323,1
7324,1
7325,1
7326,1
7327,1
7328,0
7329,0
7330,1
7331,1
7332,1
7333,0
7334,0
7335,0
7336,0
7337,1
7338,1
7339,1
7340,0
7341,1
7342,0
7343,0
7344,0
7345,0
7346,0
7347,1
7348,0
7349,1
7350,1
7351,0
7352,1
7353,1
7354,1
7355,1
7356,0
7357,0
7358,0
7359,0
7360,0
7361,1
7362,0
7363,1
7364,0
7365,0
7366,1
7367,1
7368,1
7369,1
7370,0
7371,1
7372,1
7373,0
7374,0
7375,0
7376,1
7377,0
7378,0
7379,1
7380,0
7381,0
7382,0
7383,1
7384,1
7385,0
7386,1
7387,1
7388,0
7389,0
7390,0
7391,0
7392,0
7393,1
7394,1
7395,0
7396,0
7397,1
7398,1
7399,0
7400,1
7401,0
7402,1
7403,0
7404,1
7405,1
7406,0
7407,0
7408,0
7409,0
7410,1
7411,0
7412,1
7413,0
7414,0
7415,1
7416,1
7417,0
7418,1
7419,1
7420,0
7421,0
7422,0
7423,0
7424,0
7425,0
7426,0
7427,1
7428,1
7429,1
7430,0
7431,1
7432,0
7433,0
7434,1
7435,0
7436,0
7437,0
7438,1
7439,1
7440,1
7441,0
7442,0
7443,0
7444,0
7445,0
7446,0
7447,1
7448,1
7449,0
7450,1
7451,1
7452,0
7453,1
7454,0
7455,0
7456,0
7457,1
7458,1
7459,0
7460,1
7461,0
7462,1
7463,0
7464,0
7465,0
7466,0
7467,1
7468,1
7469,1
7470,1
7471,1
7472,0
7473,1
7474,0
7475,1
7476,0
7477,1
7478,0
7479,0
7480,1
7481,1
7482,0
7483,0
7484,0
7485,0
7486,0
7487,1
7488,0
7489,0
7490,1
7491,0
7492,0
7493,0
7494,0
7495,0
7496,0
7497,0
7498,1
7499,1
7500,1
7501,0
7502,0
7503,1
7504,0
7505,1
7506,0
7507,0
7508,0
7509,0
7510,0
7511,0
7512,0
7513,1
7514,1
7515,0
7516,0
7517,0
7518,0
7519,1
7520,1
7521,1
7522,0
7523,1
7524,1
7525,0
7526,1
7527,1
7528,1
7529,0
7530,0
7531,0
7532,1
7533,0
7534,0
7535,0
7536,1
7537,1
7538,0
7539,1
7540,0
7541,0
7542,0
7543,0
7544,1
7545,0
7546,0
7547,0
7548,0
7549,0
7550,1
7551,0
7552,1
7553,0
7554,0
7555,0
7556,0
7557,0
7558,0
7559,0
7560,1
7561,0
7562,0
7563,1
7564,0
7565,0
7566,1
7567,0
7568,0
7569,1
7570,1
7571,1
7572,0
7573,0
7574,1
7575,1
7576,0
7577,0
7578,0
7579,0
7580,0
7581,0
7582,0
7583,0
7584,0
7585,1
7586,0
7587,0
7588,1
7589,0
7590,1
7591,0
7592,1
7593,0
7594,1
7595,1
7596,0
7597,1
7598,0
7599,0
7600,0
7601,0
7602,0
7603,0
7604,0
7605,1
7606,0
7607,0
7608,1
7609,0
7610,0
7611,0
7612,1
7613,0
7614,0
7615,0
7616,0
7617,0
7618,0
7619,0
7620,1
7621,0
7622,1
7623,0
7624,1
7625,0
7626,1
7627,1
7628,1
7629,0
7630,1
7631,0
7632,1
7633,1
7634,1
7635,0
7636,1
7637,1
7638,0
7639,0
7640,1
7641,1
7642,0
7643,0
7644,0
7645,0
7646,1
7647,0
7648,1
7649,1
7650,0
7651,1
7652,1
7653,0
7654,0
7655,0
7656,1
7657,0
7658,1
7659,1
7660,1
7661,0
7662,0
7663,0
7664,0
7665,0
7666,0
7667,1
7668,0
7669,0
7670,0
7671,0
7672,1
7673,1
7674,0
7675,0
7676,1
7677,0
7678,0
7679,1
7680,0
7681,1
7682,0
7683,1
7684,0
7685,1
7686,1
7687,0
7688,1
7689,0
7690,0
7691,1
7692,0
7693,1
7694,1
7695,0
7696,1
7697,0
7698,0
7699,1
7700,1
7701,0
7702,0
7703,0
7704,0
7705,1
7706,1
7707,1
7708,1
7709,0
7710,0
7711,1
7712,1
7713,0
7714,0
7715,1
7716,0
7717,1
7718,1
7719,1
7720,0
7721,1
7722,1
7723,1
7724,0
7725,0
7726,0
7727,1
7728,0
7729,0
7730,1
7731,0
7732,0
7733,1
7734,0
7735,0
7736,0
7737,0
7738,1
7739,1
7740,0
7741,1
7742,0
7743,0
7744,1
7745,0
7746,1
7747,1
7748,0
7749,1
7750,0
7751,1
7752,1
7753,0
7754,1
7755,1
7756,1
7757,0
7758,1
7759,0
7760,0
7761,0
7762,0
7763,0
7764,1
7765,0
7766,1
7767,0
7768,0
7769,1
7770,1
7771,1
7772,1
7773,1
7774,0
7775,0
7776,0
7777,0
7778,0
7779,0
7780,0
7781,1
7782,1
7783,0
7784,1
7785,0
7786,0
7787,0
7788,0
7789,0
7790,0
7791,1
7792,0
7793,0
7794,0
7795,0
7796,0
7797,0
7798,0
7799,1
7800,0
7801,0
7802,1
7803,1
7804,0
7805,0
7806,1
7807,0
7808,0
7809,0
7810,0
7811,1
7812,0
7813,1
7814,0
7815,1
7816,1
7817,0
7818,0
7819,0
7820,0
7821,0
7822,1
7823,1
7824,0
7825,0
7826,0
7827,0
7828,1
7829,0
7830,0
7831,0
7832,0
7833,0
7834,1
7835,0
7836,0
7837,0
7838,0
7839,0
7840,1
7841,1
7842,0
7843,1
7844,0
7845,1
7846,1
7847,1
7848,0
7849,1
7850,1
7851,1
7852,0
7853,1
7854,0
7855,1
7856,1
7857,1
7858,0
7859,1
7860,1
7861,0
7862,0
7863,0
7864,1
7865,0
7866,0
7867,1
7868,1
7869,0
7870,0
7871,1
7872,0
7873,1
7874,1
7875,0
7876,0
7877,1
7878,0
7879,1
7880,1
7881,1
7882,0
7883,0
7884,0
7885,0
7886,1
7887,1
7888,1
7889,1
7890,0
7891,0
7892,0
7893,0
7894,1
7895,1
7896,0
7897,0
7898,1
7899,0
7900,1
7901,0
7902,1
7903,1
7904,0
7905,0
7906,0
7907,1
7908,0
7909,0
7910,1
7911,0
7912,0
7913,1
7914,0
7915,0
7916,1
7917,0
7918,0
7919,0
7920,0
7921,0
7922,0
7923,0
7924,1
7925,0
7926,0
7927,0
7928,1
7929,0
7930,0
7931,1
7932,0
7933,0
7934,1
7935,1
7936,0
7937,1
7938,0
7939,1
7940,0
7941,1
7942,0
7943,1
7944,0
7945,0
7946,0
7947,0
7948,0
7949,1
7950,0
7951,0
7952,0
7953,1
7954,0
7955,1
7956,0
7957,1
7958,1
7959,1
7960,0
7961,1
7962,0
7963,0
7964,0
7965,1
7966,0
7967,0
7968,0
7969,0
7970,0
7971,1
7972,1
7973,1
7974,1
7975,0
7976,1
7977,1
7978,0
7979,0
7980,1
7981,1
7982,1
7983,1
7984,1
7985,0
7986,1
7987,0
7988,0
7989,1
7990,1
7991,1
7992,0
7993,1
7994,0
7995,0
7996,0
7997,0
7998,0
7999,0
8000,1
8001,0
8002,1
8003,1
8004,0
8005,0
8006,1
8007,1
8008,0
8009,1
8010,0
8011,1
8012,1
8013,0
8014,0
8015,1
8016,1
8017,0
8018,0
8019,0
8020,1
8021,0
8022,0
8023,0
8024,1
8025,0
8026,0
8027,1
8028,1
8029,0
8030,0
8031,0
8032,0
8033,0
8034,1
8035,0
8036,1
8037,1
8038,1
8039,0
8040,0
8041,0
8042,0
8043,0
8044,0
8045,1
8046,0
8047,0
8048,1
8049,0
8050,1
8051,0
8052,0
8053,1
8054,1
8055,1
8056,0
8057,0
8058,1
8059,0
8060,0
8061,0
8062,0
8063,0
8064,1
8065,1
8066,0
8067,0
8068,1
8069,1
8070,1
8071,1
8072,0
8073,1
8074,1
8075,0
8076,0
8077,0
8078,1
8079,1
8080,0
8081,0
8082,0
8083,0
8084,0
8085,0
8086,1
8087,1
8088,1
8089,0
8090,0
8091,0
8092,0
8093,0
8094,0
8095,1
8096,0
8097,0
8098,1
8099,0
8100,1
8101,0
8102,1
8103,0
8104,0
8105,1
8106,1
8107,0
8108,1
8109,1
8110,0
8111,1
8112,1
8113,1
8114,0
8115,1
8116,0
8117,1
8118,1
8119,0
8120,1
8121,1
8122,0
8123,0
8124,1
8125,1
8126,0
8127,0
8128,0
8129,0
8130,1
8131,1
8132,1
8133,0
8134,0
8135,0
8136,1
8137,0
8138,0
8139,0
8140,0
8141,0
8142,0
8143,1
8144,0
8145,1
8146,1
8147,0
8148,0
8149,0
8150,0
8151,1
8152,0
8153,0
8154,0
8155,0
8156,1
8157,0
8158,1
8159,0
8160,0
8161,0
8162,0
8163,0
8164,0
8165,0
8166,1
8167,0
8168,1
8169,1
8170,1
8171,0
8172,0
8173,1
8174,0
8175,0
8176,1
8177,0
8178,0
8179,1
8180,0
8181,1
8182,1
8183,0
8184,0
8185,0
8186,0
8187,1
8188,0
8189,0
8190,0
8191,1
8192,1
8193,0
8194,0
8195,0
8196,0
8197,0
8198,0
8199,0
8200,1
8201,1
8202,1
8203,1
8204,1
8205,1
8206,1
8207,0
8208,1
8209,0
8210,0
8211,0
8212,1
8213,1
8214,1
8215,0
8216,0
8217,0
8218,0
8219,0
8220,0
8221,0
8222,1
8223,0
8224,0
8225,1
8226,0
8227,1
8228,0
8229,0
8230,0
8231,1
8232,0
8233,0
8234,0
8235,0
8236,0
8237,1
8238,1
8239,0
8240,1
8241,1
8242,0
8243,0
8244,0
8245,1
8246,0
8247,0
8248,1
8249,0
8250,1
8251,0
8252,0
8253,0
8254,0
8255,1
8256,0
8257,1
8258,0
8259,0
8260,1
8261,0
8262,0
8263,1
8264,0
8265,1
8266,0
8267,0
8268,1
8269,1
8270,1
8271,1
8272,0
8273,0
8274,0
8275,0
8276,0
8277,0
8278,1
8279,1
8280,0
8281,1
8282,0
8283,0
8284,0
8285,1
8286,1
8287,1
8288,1
8289,1
8290,1
8291,0
8292,1
8293,0
8294,0
8295,0
8296,1
8297,1
8298,1
8299,1
8300,1
8301,0
8302,0
8303,0
8304,1
8305,0
8306,0
8307,1
8308,0
8309,1
8310,0
8311,1
8312,1
8313,1
8314,0
8315,0
8316,1
8317,0
8318,1
8319,0
8320,1
8321,1
8322,1
8323,1
8324,1
8325,0
8326,0
8327,1
8328,0
8329,0
8330,0
8331,0
8332,0
8333,0
8334,0
8335,1
8336,0
8337,0
8338,0
8339,0
8340,0
8341,0
8342,1
8343,1
8344,0
8345,0
8346,1
8347,0
8348,1
8349,1
8350,0
8351,1
8352,0
8353,0
8354,0
8355,1
8356,0
8357,0
8358,0
8359,1
8360,1
8361,0
8362,1
8363,1
8364,1
8365,1
8366,1
8367,1
8368,0
8369,0
8370,0
8371,0
8372,1
8373,0
8374,1
8375,0
8376,1
8377,0
8378,0
8379,0
8380,1
8381,1
8382,0
8383,0
8384,1
8385,1
8386,0
8387,0
8388,0
8389,0
8390,0
8391,0
8392,1
8393,0
8394,1
8395,1
8396,0
8397,1
8398,1
8399,1
8400,0
8401,1
8402,0
8403,0
8404,0
8405,1
8406,0
8407,0
8408,0
8409,0
8410,0
8411,0
8412,1
8413,0
8414,0
8415,0
8416,1
8417,0
8418,1
8419,0
8420,0
8421,0
8422,0
8423,0
8424,0
8425,0
8426,0
8427,0
8428,0
8429,0
8430,1
8431,1
8432,0
8433,0
8434,0
8435,0
8436,0
8437,0
8438,0
8439,1
8440,0
8441,0
8442,0
8443,1
8444,1
8445,0
8446,0
8447,0
8448,0
8449,0
8450,0
8451,0
8452,0
8453,0
8454,0
8455,1
8456,1
8457,0
8458,0
8459,0
8460,0
8461,1
8462,1
8463,0
8464,0
8465,1
8466,1
8467,0
8468,0
8469,1
8470,0
8471,1
8472,0
8473,1
8474,1
8475,0
8476,0
8477,0
8478,0
8479,0
8480,1
8481,1
8482,0
8483,1
8484,0
8485,0
8486,1
8487,0
8488,0
8489,1
8490,0
8491,1
8492,1
8493,0
8494,0
8495,1
8496,1
8497,1
8498,0
8499,0
8500,0
8501,0
8502,0
8503,1
8504,1
8505,0
8506,1
8507,0
8508,1
8509,0
8510,0
8511,0
8512,0
8513,1
8514,0
8515,1
8516,0
8517,0
8518,0
8519,0
8520,0
8521,0
8522,0
8523,0
8524,0
8525,0
8526,0
8527,0
8528,1
8529,0
8530,1
8531,0
8532,1
8533,1
8534,0
8535,0
8536,0
8537,1
8538,0
8539,0
8540,0
8541,0
8542,0
8543,0
8544,0
8545,1
8546,1
8547,0
8548,1
8549,0
8550,1
8551,0
8552,0
8553,0
8554,0
8555,0
8556,0
8557,1
8558,0
8559,1
8560,1
8561,0
8562,0
8563,0
8564,0
8565,0
8566,0
8567,0
8568,1
8569,1
8570,0
8571,1
8572,0
8573,0
8574,0
8575,0
8576,0
8577,0
8578,0
8579,0
8580,0
8581,0
8582,0
8583,0
8584,1
8585,1
8586,0
8587,0
8588,1
8589,0
8590,1
8591,1
8592,0
8593,0
8594,0
8595,1
8596,0
8597,1
8598,0
8599,0
8600,1
8601,0
8602,0
8603,0
8604,1
8605,0
8606,0
8607,0
8608,0
8609,1
8610,0
8611,0
8612,0
8613,0
8614,0
8615,0
8616,0
8617,0
8618,1
8619,1
8620,0
8621,0
8622,0
8623,1
8624,0
8625,1
8626,0
8627,0
8628,1
8629,0
8630,0
8631,0
8632,0
8633,0
8634,1
8635,1
8636,1
8637,0
8638,1
8639,0
8640,0
8641,0
8642,1
8643,1
8644,1
8645,0
8646,1
8647,1
8648,0
8649,0
8650,0
8651,1
8652,0
8653,1
8654,0
8655,0
8656,1
8657,1
8658,0
8659,0
8660,0
8661,0
8662,0
8663,1
8664,1
8665,1
8666,0
8667,0
8668,1
8669,1
8670,0
8671,1
8672,1
8673,0
8674,1
8675,0
8676,0
8677,0
8678,0
8679,0
8680,0
8681,1
8682,0
8683,1
8684,0
8685,0
8686,0
8687,0
8688,0
8689,0
8690,1
8691,1
8692,0
8693,1
8694,1
8695,0
8696,0
8697,1
8698,1
8699,0
8700,0
8701,1
8702,0
8703,1
8704,1
8705,1
8706,1
8707,1
8708,0
8709,1
8710,0
8711,0
8712,1
8713,1
8714,0
8715,0
8716,1
8717,0
8718,0
8719,1
8720,0
8721,0
8722,0
8723,0
8724,0
8725,0
8726,1
8727,0
8728,1
8729,0
8730,1
8731,1
8732,0
8733,1
8734,1
8735,1
8736,0
8737,0
8738,1
8739,0
8740,0
8741,1
8742,1
8743,0
8744,1
8745,0
8746,1
8747,0
8748,0
8749,0
8750,0
8751,1
8752,1
8753,1
8754,0
8755,1
8756,0
8757,0
8758,1
8759,1
8760,0
8761,0
8762,0
8763,0
8764,0
8765,0
8766,1
8767,0
8768,0
8769,0
8770,0
8771,1
8772,1
8773,0
8774,1
8775,0
8776,1
8777,0
8778,0
8779,0
8780,1
8781,0
8782,1
8783,0
8784,0
8785,0
8786,0
8787,0
8788,1
8789,0
8790,0
8791,0
8792,0
8793,0
8794,1
8795,0
8796,0
8797,0
8798,1
8799,1
8800,0
8801,0
8802,1
8803,0
8804,0
8805,0
8806,1
8807,0
8808,0
8809,1
8810,0
8811,0
8812,1
8813,0
8814,1
8815,0
8816,0
8817,1
8818,0
8819,1
8820,0
8821,1
8822,0
8823,1
8824,0
8825,0
8826,0
8827,1
8828,0
8829,0
8830,0
8831,0
8832,1
8833,1
8834,1
8835,1
8836,1
8837,1
8838,1
8839,1
8840,0
8841,1
8842,0
8843,0
8844,0
8845,0
8846,1
8847,1
8848,0
8849,1
8850,0
8851,1
8852,1
8853,1
8854,1
8855,0
8856,1
8857,0
8858,0
8859,0
8860,1
8861,0
8862,1
8863,0
8864,0
8865,0
8866,0
8867,0
8868,0
8869,0
8870,0
8871,0
8872,0
8873,1
8874,1
8875,0
8876,1
8877,0
8878,0
8879,0
8880,0
8881,1
8882,1
8883,0
8884,1
8885,1
8886,1
8887,1
8888,1
8889,1
8890,1
8891,1
8892,1
8893,1
8894,0
8895,1
8896,0
8897,0
8898,0
8899,1
8900,0
8901,1
8902,0
8903,0
8904,0
8905,1
8906,0
8907,0
8908,1
8909,1
8910,0
8911,0
8912,0
8913,0
8914,0
8915,0
8916,0
8917,1
8918,0
8919,0
8920,1
8921,0
8922,0
8923,1
8924,0
8925,1
8926,0
8927,0
8928,1
8929,1
8930,0
8931,1
8932,1
8933,0
8934,0
8935,1
8936,0
8937,1
8938,1
8939,0
8940,1
8941,0
8942,1
8943,1
8944,1
8945,1
8946,1
8947,0
8948,0
8949,1
8950,1
8951,0
8952,0
8953,1
8954,0
8955,0
8956,1
8957,1
8958,1
8959,0
8960,0
8961,0
8962,0
8963,1
8964,1
8965,0
8966,0
8967,0
8968,1
8969,1
8970,0
8971,0
8972,0
8973,1
8974,0
8975,1
8976,0
8977,1
8978,1
8979,0
8980,0
8981,0
8982,1
8983,1
8984,1
8985,1
8986,0
8987,0
8988,0
8989,1
8990,0
8991,0
8992,0
8993,0
8994,1
8995,0
8996,1
8997,1
8998,0
8999,0
9000,0
9001,0
9002,0
9003,0
9004,0
9005,0
9006,0
9007,0
9008,0
9009,1
9010,0
9011,0
9012,0
9013,0
9014,0
9015,0
9016,0
9017,1
9018,0
9019,0
9020,0
9021,0
9022,0
9023,0
9024,1
9025,0
9026,0
9027,1
9028,0
9029,1
9030,0
9031,0
9032,1
9033,1
9034,1
9035,0
9036,1
9037,0
9038,0
9039,0
9040,0
9041,1
9042,1
9043,0
9044,1
9045,1
9046,1
9047,1
9048,0
9049,0
9050,1
9051,0
9052,0
9053,0
9054,1
9055,1
9056,0
9057,0
9058,1
9059,0
9060,0
9061,0
9062,0
9063,0
9064,1
9065,0
9066,0
9067,1
9068,0
9069,0
9070,1
9071,0
9072,1
9073,0
9074,1
9075,0
9076,1
9077,1
9078,0
9079,0
9080,0
9081,0
9082,1
9083,0
9084,1
9085,0
9086,0
9087,0
9088,1
9089,1
9090,0
9091,0
9092,0
9093,1
9094,0
9095,1
9096,1
9097,0
9098,0
9099,1
9100,1
9101,1
9102,0
9103,0
9104,0
9105,0
9106,1
9107,0
9108,1
9109,0
9110,1
9111,1
9112,0
9113,1
9114,1
9115,0
9116,1
9117,0
9118,0
9119,1
9120,0
9121,0
9122,1
9123,1
9124,0
9125,1
9126,0
9127,0
9128,0
9129,0
9130,0
9131,0
9132,1
9133,1
9134,0
9135,1
9136,0
9137,0
9138,1
9139,0
9140,0
9141,0
9142,0
9143,0
9144,0
9145,0
9146,0
9147,0
9148,0
9149,1
9150,0
9151,1
9152,0
9153,0
9154,1
9155,1
9156,0
9157,1
9158,0
9159,0
9160,0
9161,0
9162,1
9163,0
9164,1
9165,1
9166,1
9167,0
9168,0
9169,0
9170,1
9171,0
9172,1
9173,1
9174,0
9175,0
9176,0
9177,0
9178,1
9179,0
9180,1
9181,0
9182,1
9183,1
9184,0
9185,0
9186,1
9187,1
9188,1
9189,0
9190,0
9191,1
9192,0
9193,0
9194,0
9195,0
9196,1
9197,0
9198,0
9199,1
9200,0
9201,1
9202,0
9203,0
9204,0
9205,0
9206,0
9207,0
9208,0
9209,0
9210,0
9211,0
9212,0
9213,1
9214,0
9215,0
9216,0
9217,1
9218,1
9219,1
9220,0
9221,0
9222,0
9223,0
9224,0
9225,1
9226,0
9227,0
9228,1
9229,0
9230,0
9231,0
9232,0
9233,0
9234,1
9235,0
9236,0
9237,1
9238,1
9239,0
9240,1
9241,0
9242,0
9243,1
9244,0
9245,1
9246,0
9247,1
9248,0
9249,0
9250,1
9251,1
9252,0
9253,1
9254,0
9255,1
9256,0
9257,0
9258,0
9259,1
9260,0
9261,0
9262,1
9263,0
9264,1
9265,0
9266,0
9267,0
9268,1
9269,1
9270,1
9271,0
9272,1
9273,1
9274,0
9275,0
9276,0
9277,1
9278,1
9279,0
9280,1
9281,1
9282,0
9283,1
9284,0
9285,0
9286,1
9287,0
9288,1
9289,1
9290,0
9291,0
9292,0
9293,0
9294,0
9295,0
9296,0
9297,1
9298,0
9299,0
9300,0
9301,1
9302,1
9303,0
9304,1
9305,0
9306,1
9307,0
9308,0
9309,1
9310,1
9311,0
9312,0
9313,1
9314,0
9315,0
9316,1
9317,1
9318,0
9319,0
9320,1
9321,0
9322,0
9323,0
9324,1
9325,0
9326,0
9327,0
9328,0
9329,0
9330,0
9331,0
9332,1
9333,0
9334,0
9335,0
9336,0
9337,0
9338,0
9339,0
9340,0
9341,1
9342,0
9343,0
9344,1
9345,0
9346,0
9347,0
9348,1
9349,0
9350,1
9351,1
9352,0
9353,0
9354,1
9355,1
9356,1
9357,1
9358,0
9359,1
9360,1
9361,0
9362,1
9363,0
9364,0
9365,0
9366,0
9367,0
9368,1
9369,0
9370,1
9371,0
9372,0
9373,1
9374,0
9375,1
9376,0
9377,0
9378,0
9379,0
9380,1
9381,0
9382,1
9383,1
9384,0
9385,0
9386,0
9387,1
9388,1
9389,1
9390,0
9391,0
9392,0
9393,0
9394,0
9395,1
9396,0
9397,1
9398,0
9399,0
9400,0
9401,0
9402,1
9403,0
9404,0
9405,0
9406,0
9407,1
9408,0
9409,0
9410,0
9411,0
9412,0
9413,1
9414,1
9415,1
9416,0
9417,0
9418,1
9419,1
9420,1
9421,1
9422,1
9423,0
9424,0
9425,1
9426,1
9427,1
9428,1
9429,0
9430,1
9431,0
9432,0
9433,0
9434,1
9435,0
9436,1
9437,0
9438,0
9439,0
9440,0
9441,0
9442,0
9443,0
9444,1
9445,1
9446,0
9447,1
9448,0
9449,1
9450,0
9451,0
9452,1
9453,0
9454,0
9455,1
9456,1
9457,1
9458,0
9459,0
9460,0
9461,1
9462,1
9463,0
9464,1
9465,1
9466,1
9467,1
9468,0
9469,1
9470,0
9471,1
9472,1
9473,0
9474,1
9475,0
9476,0
9477,1
9478,1
9479,0
9480,0
9481,0
9482,0
9483,0
9484,0
9485,0
9486,0
9487,0
9488,1
9489,1
9490,1
9491,0
9492,0
9493,1
9494,1
9495,1
9496,0
9497,1
9498,0
9499,0
9500,0
9501,0
9502,0
9503,0
9504,1
9505,1
9506,1
9507,1
9508,0
9509,0
9510,1
9511,0
9512,0
9513,0
9514,1
9515,1
9516,1
9517,0
9518,1
9519,0
9520,0
9521,1
9522,1
9523,1
9524,0
9525,1
9526,1
9527,0
9528,0
9529,1
9530,1
9531,1
9532,0
9533,1
9534,0
9535,0
9536,1
9537,0
9538,1
9539,0
9540,0
9541,0
9542,0
9543,1
9544,1
9545,1
9546,0
9547,1
9548,1
9549,0
9550,1
9551,0
9552,1
9553,0
9554,0
9555,0
9556,0
9557,1
9558,0
9559,0
9560,1
9561,1
9562,0
9563,0
9564,0
9565,0
9566,0
9567,0
9568,0
9569,1
9570,0
9571,1
9572,0
9573,0
9574,1
9575,0
9576,0
9577,1
9578,0
9579,0
9580,0
9581,1
9582,1
9583,0
9584,0
9585,0
9586,0
9587,1
9588,0
9589,0
9590,0
9591,1
9592,1
9593,0
9594,0
9595,1
9596,0
9597,0
9598,0
9599,0
9600,0
9601,0
9602,1
9603,0
9604,0
9605,0
9606,1
9607,1
9608,0
9609,0
9610,0
9611,0
9612,1
9613,0
9614,1
9615,1
9616,0
9617,1
9618,1
9619,0
9620,1
9621,0
9622,0
9623,0
9624,1
9625,0
9626,1
9627,0
9628,0
9629,0
9630,0
9631,1
9632,1
9633,0
9634,0
9635,0
9636,0
9637,1
9638,1
9639,1
9640,0
9641,1
9642,1
9643,0
9644,0
9645,1
9646,0
9647,1
9648,0
9649,0
9650,1
9651,1
9652,0
9653,0
9654,0
9655,0
9656,0
9657,0
9658,1
9659,0
9660,1
9661,1
9662,1
9663,1
9664,1
9665,0
9666,0
9667,0
9668,0
9669,0
9670,1
9671,1
9672,1
9673,0
9674,1
9675,0
9676,0
9677,0
9678,0
9679,1
9680,0
9681,0
9682,0
9683,0
9684,0
9685,0
9686,0
9687,1
9688,1
9689,1
9690,0
9691,0
9692,1
9693,0
9694,1
9695,0
9696,0
9697,0
9698,0
9699,0
9700,0
9701,0
9702,0
9703,0
9704,0
9705,0
9706,0
9707,0
9708,0
9709,0
9710,1
9711,0
9712,0
9713,0
9714,1
9715,0
9716,1
9717,1
9718,0
9719,0
9720,1
9721,0
9722,0
9723,0
9724,1
9725,1
9726,0
9727,0
9728,1
9729,0
9730,0
9731,0
9732,0
9733,0
9734,1
9735,0
9736,1
9737,1
9738,0
9739,1
9740,0
9741,1
9742,0
9743,0
9744,0
9745,1
9746,1
9747,0
9748,0
9749,0
9750,0
9751,1
9752,0
9753,0
9754,1
9755,0
9756,1
9757,1
9758,0
9759,0
9760,0
9761,0
9762,0
9763,1
9764,1
9765,0
9766,0
9767,1
9768,0
9769,1
9770,1
9771,0
9772,1
9773,0
9774,0
9775,1
9776,1
9777,0
9778,0
9779,0
9780,1
9781,0
9782,0
9783,0
9784,0
9785,1
9786,1
9787,0
9788,0
9789,0
9790,0
9791,0
9792,0
9793,1
9794,0
9795,0
9796,1
9797,1
9798,1
9799,1
9800,0
9801,0
9802,0
9803,1
9804,1
9805,0
9806,0
9807,1
9808,1
9809,1
9810,0
9811,1
9812,0
9813,0
9814,1
9815,0
9816,0
9817,0
9818,0
9819,0
9820,1
9821,1
9822,0
9823,1
9824,0
9825,1
9826,0
9827,0
9828,0
9829,1
9830,1
9831,0
9832,0
9833,0
9834,0
9835,0
9836,0
9837,1
9838,0
9839,0
9840,0
9841,0
9842,1
9843,1
9844,1
9845,0
9846,1
9847,0
9848,0
9849,1
9850,1
9851,0
9852,0
9853,1
9854,1
9855,0
9856,1
9857,0
9858,0
9859,0
9860,1
9861,0
9862,0
9863,0
9864,0
9865,0
9866,0
9867,0
9868,0
9869,0
9870,0
9871,0
9872,1
9873,0
9874,1
9875,1
9876,0
9877,0
9878,0
9879,1
9880,0
9881,0
9882,0
9883,0
9884,1
9885,0
9886,0
9887,0
9888,0
9889,0
9890,0
9891,0
9892,0
9893,1
9894,0
9895,1
9896,1
9897,0
9898,1
9899,0
9900,0
9901,0
9902,1
9903,1
9904,0
9905,0
9906,1
9907,1
9908,0
9909,0
9910,1
9911,0
9912,0
9913,0
9914,0
9915,0
9916,0
9917,0
9918,0
9919,0
9920,1
9921,0
9922,0
9923,0
9924,0
9925,0
9926,1
9927,1
9928,1
9929,0
9930,0
9931,1
9932,0
9933,0
9934,0
9935,0
9936,1
9937,0
9938,1
9939,0
9940,0
9941,0
9942,1
9943,1
9944,1
9945,0
9946,0
9947,0
9948,0
9949,1
9950,1
9951,1
9952,0
9953,0
9954,0
9955,1
9956,0
9957,1
9958,1
9959,0
9960,0
9961,0
9962,1
9963,0
9964,0
9965,1
9966,0
9967,0
9968,1
9969,1
9970,0
9971,1
9972,0
9973,1
9974,1
9975,1
9976,0
9977,0
9978,0
9979,0
9980,0
9981,0
9982,1
9983,0
9984,0
9985,1
9986,0
9987,1
9988,0
9989,0
9990,1
9991,0
9992,1
9993,1
9994,1
9995,0
9996,1
9997,0
9998,1
9999,0
10000,1
